V-3,O-3,H-3,L-3,V-2,O-2,H-2,L-2,V-1,O-1,H-1,L-1,Actual,Date
36191330,190.5,194.97,189.46,41626820,190.0,190.7,184.99,67678680,178.37,181.47,175.51,179.73,11/21/2018
28962980,227.93,230.44,227.3,41990210,232.95,237.64,232.31,24413480,234.9,238.13,234.67,236.39,10/15/2019
20565620,159.51,159.77,158.44,52126240,157.9,158.26,153.83,37350060,155.8,155.8,152.75,152.02,09/22/2017
50455070,250.9,263.11,249.38,50721830,270.8,271.7,259.0,42223820,262.74,267.37,261.23,268.7,04/09/2020
25649890,160.14,162.0,159.93,29451050,160.1,163.12,160.0,27215770,163.8,163.89,162.61,163.64,08/31/2017
18069930,191.35,191.97,190.21,16859020,191.39,192.61,191.15,21480120,192.42,192.88,190.44,191.55,06/14/2018
36529680,186.41,189.7,185.41,26544720,186.27,191.75,186.02,33031360,189.91,192.47,188.84,186.93,05/17/2019
25418110,154.11,154.48,151.74,33508960,155.48,158.13,154.32,26147280,155.79,156.33,153.66,156.25,01/29/2019
40387960,92.9,93.66,92.14,36505420,93.97,94.55,93.63,35783320,94.44,95.77,94.3,95.49,07/01/2016
33753490,165.38,167.53,164.39,47597670,166.0,167.45,159.09,64398230,160.4,162.11,155.3,156.86,12/21/2018
20544600,177.81,178.82,176.88,34693280,174.95,175.39,172.66,65270950,170.6,171.22,165.43,166.84,04/23/2018
44366140,149.99,151.83,149.16,35907770,151.78,153.92,151.69,25402270,153.8,154.72,153.54,153.89,09/28/2017
26320740,121.67,122.44,121.6,20495340,122.14,122.35,121.6,30327110,120.93,121.63,120.66,121.15,01/31/2017
28010430,107.52,108.37,107.16,26296260,108.23,108.94,108.01,23839880,108.71,108.9,107.76,108.52,08/11/2016
24817940,105.8,106.5,105.5,31639010,105.66,106.57,105.64,26675250,106.14,106.8,105.62,107.7,09/02/2016
29616190,154.2,157.66,153.26,33259460,157.5,157.88,155.98,30273990,156.41,156.73,152.62,154.15,01/23/2019
18798250,151.8,153.84,151.8,15649120,153.35,153.93,153.06,32429770,153.75,153.99,147.3,149.89,07/28/2017
30386830,112.73,112.75,111.44,32970790,110.82,112.45,110.68,44434220,111.29,111.52,109.56,110.93,10/15/2015
40290580,98.25,98.84,96.92,53454620,96.82,97.97,96.42,92143920,104.27,104.35,102.75,102.83,07/28/2016
64782910,155.19,155.19,146.02,72187710,145.74,146.09,142.51,34089190,147.16,147.45,145.15,147.5,06/14/2017
52411070,114.42,114.79,111.55,29800240,111.64,113.39,111.55,24587490,113.0,113.18,112.34,113.69,09/28/2016
41411350,223.52,228.35,222.57,31801970,225.75,226.84,222.52,36810120,222.15,222.95,217.27,217.79,09/18/2018
43751810,191.51,191.98,186.6,49696100,191.66,192.88,184.58,29771210,188.75,189.76,186.55,188.95,03/28/2019
35907770,151.78,153.92,151.69,25402270,153.8,154.72,153.54,21983410,153.89,154.28,152.7,153.21,09/29/2017
67678680,178.37,181.47,175.51,31096240,179.73,180.27,176.55,23623970,174.94,176.6,172.1,174.24,11/26/2018
38866100,98.84,98.89,96.09,35290570,96.0,96.76,95.8,34240470,96.31,96.9,95.92,96.4,02/23/2016
28310840,109.72,110.54,109.66,29164190,110.12,111.99,110.01,25931710,111.95,112.42,111.4,111.36,11/23/2016
44662320,174.24,174.95,170.26,41156140,171.51,174.77,170.88,45941750,176.73,181.29,174.93,182.66,11/29/2018
28001190,285.08,285.83,278.2,34320200,284.73,289.67,283.89,45765970,289.96,294.53,288.35,286.25,05/01/2020
36054570,172.86,175.08,172.35,28204640,174.65,175.57,172.85,31644240,172.4,173.94,170.34,168.99,02/08/2019
21890090,324.39,325.62,320.78,34312550,323.35,331.75,323.23,23913630,330.25,333.6,327.32,332.14,06/09/2020
41523580,182.66,182.8,177.7,39424260,180.29,180.33,177.03,40537700,184.46,184.94,181.21,180.95,12/04/2018
35074380,97.22,98.09,96.84,38258300,98.67,99.74,98.11,56293490,99.68,100.73,98.64,99.44,05/27/2016
34412090,118.34,120.24,118.22,23687350,120.0,120.5,119.71,25554290,119.4,120.09,119.37,120.45,01/20/2017
50991030,199.0,199.85,193.79,46725710,191.63,197.18,191.45,60547340,193.9,194.48,185.93,188.39,11/15/2018
37847260,190.3,192.14,189.34,67812280,199.13,201.76,197.31,62317430,200.58,208.38,200.35,207.03,08/03/2018
54571440,148.7,148.83,145.9,40622910,149.56,151.82,148.52,45034370,151.29,154.53,149.63,152.5,01/10/2019
19005150,194.61,195.96,193.61,23975350,194.99,195.19,190.1,20912890,191.9,192.2,189.07,190.3,07/31/2018
29271890,281.8,284.54,279.95,28001190,285.08,285.83,278.2,34320200,284.73,289.67,283.89,289.96,04/30/2020
26575010,176.49,178.94,176.41,20544600,177.81,178.82,176.88,34693280,174.95,175.39,172.66,170.6,04/20/2018
39424260,180.29,180.33,177.03,40537700,184.46,184.94,181.21,41141250,180.95,182.39,176.27,171.76,12/06/2018
25763840,109.72,109.9,108.88,25820460,108.78,110.0,108.2,37322930,110.42,112.19,110.27,109.51,04/05/2016
34117030,107.12,108.87,106.55,50901380,107.71,107.81,104.08,32230590,106.57,107.68,106.16,106.7,11/16/2016
33653020,93.33,93.57,92.11,28641180,93.48,93.57,92.46,76183460,92.72,92.78,89.47,90.0,05/13/2016
42009830,94.16,95.21,93.89,30417880,94.64,94.64,93.57,31834020,94.64,95.43,94.52,95.87,05/23/2016
96531890,107.09,109.89,105.05,83825220,112.23,113.24,110.02,53075960,112.17,113.31,111.54,112.03,08/31/2015
40382890,163.05,167.54,162.88,50908540,169.79,173.09,169.0,40113790,172.36,174.82,171.77,172.05,02/20/2018
17192770,149.89,150.23,149.19,19690420,149.9,150.33,148.13,33669020,149.1,150.22,148.41,159.28,08/02/2017
31639010,105.66,106.57,105.64,26675250,106.14,106.8,105.62,26393770,107.7,108.0,106.82,107.9,09/06/2016
29491910,163.75,164.25,160.56,21610300,162.71,162.99,160.52,21905160,162.09,162.24,160.36,160.86,09/08/2017
63000140,97.96,100.48,95.74,79356010,96.2,97.71,95.36,52960810,98.41,98.65,95.5,95.1,01/20/2016
24093300,157.9,160.0,157.65,18969700,159.78,160.87,159.23,16252850,160.42,160.71,159.6,156.75,10/19/2017
51368540,177.25,177.3,173.2,41438280,174.51,174.95,170.53,39075250,172.0,172.0,170.06,170.16,01/29/2018
33136130,100.51,100.89,99.64,36884490,100.58,101.71,100.45,46026600,102.37,103.75,101.37,102.39,03/07/2016
23446340,137.08,137.44,136.7,36362440,137.89,140.15,137.6,26170690,140.0,140.28,138.76,138.78,03/03/2017
39017490,184.85,187.33,183.74,26148590,185.8,188.39,185.79,31440300,188.35,188.99,185.92,186.23,03/20/2019
35617230,164.0,164.33,160.63,41976500,162.13,167.26,161.84,52228910,166.41,169.2,165.27,175.23,05/02/2018
26551000,196.05,200.29,195.21,21124240,199.68,199.88,197.31,21513990,200.37,200.61,198.03,198.8,06/21/2019
16543880,185.26,186.41,184.28,17426160,185.42,188.43,185.2,19636390,189.5,190.68,189.3,190.71,07/10/2018
25184600,159.65,160.56,159.27,25649890,160.14,162.0,159.93,29451050,160.1,163.12,160.0,163.8,08/30/2017
23583810,117.33,117.84,116.78,24308210,118.18,118.21,117.45,19977160,117.25,117.76,113.8,116.86,10/20/2016
32429770,153.75,153.99,147.3,17192770,149.89,150.23,149.19,19690420,149.9,150.33,148.13,149.1,08/01/2017
42876370,114.32,116.31,114.01,40827260,116.04,117.65,115.5,34525630,116.43,117.44,116.01,116.1,08/19/2015
56157370,111.07,111.99,108.8,44654830,112.02,112.25,108.98,96197190,108.91,109.52,105.81,107.28,12/21/2015
33674960,165.67,166.33,161.22,28331540,162.62,165.42,162.41,27850370,164.12,165.73,163.37,164.0,04/27/2018
30280450,221.16,221.83,217.27,28802550,218.93,222.99,216.76,22692880,222.3,222.64,219.34,217.86,10/18/2018
24129630,110.31,111.72,109.7,59118740,109.88,111.32,108.05,57097740,111.09,111.09,105.83,107.12,11/11/2016
23129400,188.77,188.84,186.21,17186760,188.23,189.65,187.65,22409110,187.6,188.75,186.87,187.72,05/30/2018
30273990,156.41,156.73,152.62,23046560,154.15,155.14,151.7,25418110,154.11,154.48,151.74,155.48,01/25/2019
26932880,194.86,196.0,193.6,18253190,193.95,195.97,193.39,21674630,194.7,196.79,193.6,191.55,06/14/2019
40537700,184.46,184.94,181.21,41141250,180.95,182.39,176.27,42704910,171.76,174.78,170.42,173.49,12/07/2018
36529740,179.8,180.54,177.81,23714690,180.2,182.14,178.62,27948160,178.92,180.59,177.91,176.42,05/29/2019
30967960,175.44,179.83,174.52,29773430,184.28,184.99,181.14,22526310,183.08,185.47,182.15,186.51,06/07/2019
45870130,95.0,96.84,94.08,46418230,95.86,97.33,95.19,46315620,96.52,96.92,93.69,93.13,02/08/2016
16529130,141.48,141.88,140.87,14676420,141.41,142.04,141.11,17302160,141.88,142.0,140.45,141.22,04/20/2017
20523870,174.35,175.61,173.93,21532200,174.55,175.06,173.41,23751690,173.16,174.3,173.0,174.59,01/11/2018
23531670,139.39,141.22,138.62,33348400,140.91,144.04,140.62,29174040,143.68,144.49,143.19,144.19,03/30/2017
53038870,364.0,372.38,362.27,48155850,365.0,368.79,358.52,34380630,360.7,365.0,357.57,364.41,06/26/2020
17897140,201.85,203.73,201.56,20191840,203.31,204.39,201.71,17595210,202.45,204.0,202.2,204.09,07/15/2019
17186760,188.23,189.65,187.65,22409110,187.6,188.75,186.87,18503410,187.72,188.0,186.78,187.22,05/31/2018
20320420,141.6,142.15,141.01,17775510,141.91,142.38,141.05,16529130,141.48,141.88,140.87,141.41,04/18/2017
66028640,114.31,115.7,113.31,31396130,115.39,115.86,114.1,36792100,113.87,115.21,113.45,113.65,10/31/2016
43403760,113.46,113.77,110.53,28174980,111.4,112.35,111.23,26538700,110.98,111.46,109.55,108.53,11/04/2016
36340670,112.46,113.37,111.8,21634520,112.71,113.05,112.28,29707270,113.06,114.31,112.63,113.4,10/05/2016
20118620,153.42,154.43,153.33,24452750,153.97,154.17,152.38,16383610,153.17,153.33,152.22,153.58,06/02/2017
36884490,100.58,101.71,100.45,46026600,102.37,103.75,101.37,35890740,102.39,102.83,100.96,100.78,03/08/2016
18890250,171.58,173.0,171.38,21846400,174.16,175.87,173.95,16991610,173.71,175.3,173.17,173.21,02/27/2019
42287640,195.34,197.69,190.78,43751810,191.51,191.98,186.6,49696100,191.66,192.88,184.58,188.75,03/27/2019
28865310,199.54,203.38,198.61,24185530,203.12,204.15,202.52,17841920,202.83,204.94,202.34,204.43,04/23/2019
30341520,142.94,143.35,140.06,20320420,141.6,142.15,141.01,17775510,141.91,142.38,141.05,141.48,04/17/2017
29357940,108.97,110.61,108.83,27150570,109.34,110.5,108.66,32771760,110.8,112.34,110.8,111.62,04/14/2016
31464170,182.59,183.5,179.24,29334630,180.32,180.52,177.81,22676520,178.5,180.24,178.07,178.65,03/16/2018
25247630,289.93,293.68,289.52,33911860,296.24,300.6,295.19,36633880,297.15,300.58,296.5,293.79,01/06/2020
22277930,203.65,207.23,203.61,18355210,208.46,208.91,207.29,14991570,207.67,209.15,207.17,208.89,07/25/2019
37418910,221.85,225.37,220.71,39194720,220.95,221.85,216.47,35644510,218.01,224.3,216.56,224.94,09/12/2018
32443110,204.29,208.84,203.5,38763700,205.88,207.42,200.83,26339500,201.9,205.34,201.75,200.4,05/09/2019
31735810,109.95,110.42,108.12,23553790,108.91,109.77,108.17,29357940,108.97,110.61,108.83,109.34,04/12/2016
15228270,188.38,188.88,186.78,19966590,186.35,188.5,185.76,23129400,188.77,188.84,186.21,188.23,05/25/2018
29377270,258.31,259.53,256.29,16810390,261.07,263.31,260.68,18661340,263.79,265.89,262.73,267.48,12/06/2019
45941750,176.73,181.29,174.93,41523580,182.66,182.8,177.7,39424260,180.29,180.33,177.03,184.46,12/03/2018
26147280,155.79,156.33,153.66,39914850,156.25,158.13,154.11,60800480,163.25,166.15,160.23,166.11,01/31/2019
63140170,246.52,258.68,246.36,51054150,252.75,255.87,247.05,41994110,250.74,255.52,249.4,255.6,03/31/2020
33400950,122.32,122.57,121.71,42832890,122.6,122.64,120.91,69639900,121.5,122.57,117.52,117.42,08/04/2015
41335980,170.0,172.68,168.6,40984540,168.39,169.92,164.94,36778560,168.07,173.1,166.44,173.68,03/27/2018
22632380,268.6,270.07,265.86,19723390,268.81,271.1,268.5,34437040,267.78,272.56,267.32,271.46,12/13/2019
30352690,218.43,220.96,215.13,34755550,225.64,227.49,223.89,30889270,226.27,229.93,225.84,225.82,10/08/2019
22389660,171.39,172.48,169.92,21785180,169.71,171.26,169.38,24603320,171.25,171.7,169.75,169.71,02/19/2019
25704330,108.14,109.54,108.08,33754680,109.63,110.23,109.21,25328680,109.1,109.37,108.34,109.23,08/18/2016
40622910,149.56,151.82,148.52,45034370,151.29,154.53,149.63,35661200,152.5,153.97,150.86,152.88,01/11/2019
24129530,97.17,97.7,97.12,25879680,97.41,97.67,96.84,38885980,97.39,98.99,97.32,98.92,07/15/2016
18904680,143.6,143.88,142.9,30341520,142.94,143.35,140.06,20320420,141.6,142.15,141.01,141.91,04/13/2017
76183460,92.72,92.78,89.47,44223040,90.0,91.67,90.0,61192340,92.39,94.39,91.65,94.55,05/17/2016
51054150,252.75,255.87,247.05,41994110,250.74,255.52,249.4,49250500,255.6,262.49,252.0,246.5,04/01/2020
49687870,98.97,99.06,97.34,49046150,100.55,100.69,98.84,62285770,100.32,101.19,97.3,97.96,01/14/2016
25643090,221.06,222.85,219.44,22187880,222.01,223.76,220.37,57977090,221.38,222.56,217.47,218.95,09/23/2019
59118740,109.88,111.32,108.05,57097740,111.09,111.09,105.83,34117030,107.12,108.87,106.55,107.71,11/14/2016
26356390,322.57,325.22,320.26,29421010,322.37,323.4,318.0,27337220,314.18,321.55,313.85,323.6,02/11/2020
66300930,110.17,111.54,108.73,63849470,109.07,109.62,107.31,57774940,108.01,111.01,107.55,109.88,10/05/2015
38612290,183.52,184.35,180.28,28364850,185.22,188.0,184.7,29748560,184.66,185.71,182.55,179.8,05/23/2019
43293350,113.84,115.92,113.75,33962370,115.04,116.2,114.98,46286150,115.38,116.73,115.23,116.47,12/16/2016
30877540,94.6,95.66,94.37,24460850,95.7,96.5,95.62,28877500,96.49,96.89,96.05,96.75,07/11/2016
26043820,116.35,116.51,115.64,14244050,115.59,116.52,115.59,18131970,116.52,117.8,116.49,117.52,12/28/2016
50415610,349.31,351.06,335.48,50036510,344.72,347.8,334.22,34702230,333.25,345.68,332.58,351.46,06/16/2020
29124140,96.25,96.89,95.35,32042290,95.94,96.29,95.25,75219710,92.91,94.66,92.65,93.0,06/27/2016
41990210,232.95,237.64,232.31,24413480,234.9,238.13,234.67,23040480,236.39,237.65,234.88,233.37,10/16/2019
33031360,189.91,192.47,188.84,32879090,186.93,190.9,186.76,38612290,183.52,184.35,180.28,185.22,05/21/2019
35850010,113.16,113.8,111.8,36340670,112.46,113.37,111.8,21634520,112.71,113.05,112.28,113.06,10/04/2016
25396100,208.0,209.25,207.07,25525650,209.32,209.5,206.76,22493750,206.05,207.81,204.52,207.28,08/09/2018
24619750,201.3,202.76,199.29,22481890,199.62,202.05,199.15,47539790,201.02,212.14,200.83,203.16,08/14/2019
21081620,115.85,116.51,115.75,22115100,115.92,116.86,115.81,31714820,116.78,118.16,116.47,117.95,01/09/2017
32395870,177.3,179.44,176.82,51368540,177.25,177.3,173.2,41438280,174.51,174.95,170.53,172.0,01/26/2018
36464530,98.7,100.13,98.6,23766360,99.56,100.0,99.34,26219110,100.0,100.46,99.74,99.83,07/21/2016
84188210,228.08,228.5,212.61,71882770,236.36,247.69,234.3,75900510,250.75,258.25,244.3,246.52,03/26/2020
23580780,323.6,323.9,318.71,28432570,321.47,327.22,321.47,23686890,324.19,326.22,323.35,324.74,02/14/2020
21634520,112.71,113.05,112.28,29707270,113.06,114.31,112.63,21400410,113.4,113.66,112.69,113.7,10/06/2016
23637310,158.99,159.4,158.09,48846060,158.47,160.97,158.0,28157630,160.11,160.5,158.0,159.51,09/19/2017
46893220,295.52,299.55,291.41,56544250,282.0,290.82,281.23,71686210,263.75,278.09,263.0,277.14,03/10/2020
39668100,167.64,168.5,165.28,59332210,174.0,174.26,171.12,34770480,172.37,174.99,171.72,173.91,11/07/2017
21673390,208.46,210.64,208.44,33935720,208.76,210.16,207.31,69281360,216.42,221.37,211.3,213.9,08/01/2019
23623970,174.94,176.6,172.1,44662320,174.24,174.95,170.26,41156140,171.51,174.77,170.88,176.73,11/28/2018
32081110,277.0,280.79,276.98,28575800,279.57,281.77,278.8,29024690,279.8,281.9,279.12,279.5,12/19/2019
40529120,268.7,270.07,264.7,32755730,268.31,273.7,265.83,48748670,280.0,288.25,278.05,282.4,04/15/2020
31384720,167.41,171.66,167.28,36054570,172.86,175.08,172.35,28204640,174.65,175.57,172.85,172.4,02/07/2019
34499390,158.53,159.36,156.48,35637070,154.89,158.85,154.23,91106840,143.98,145.72,142.0,144.53,01/04/2019
26481320,109.17,110.09,108.85,34113880,110.0,110.03,108.25,26160560,109.5,110.36,109.19,109.26,12/07/2016
20912820,193.63,194.08,191.92,21329170,194.14,194.2,192.34,26580710,191.17,192.0,189.77,191.35,06/11/2018
18965930,214.1,216.36,213.84,18505780,214.65,217.05,214.6,18457720,216.6,216.9,215.11,217.15,08/27/2018
62800770,110.27,113.28,109.9,49793750,111.79,114.21,111.76,58279570,116.58,116.89,114.86,115.93,09/15/2015
64678220,112.18,112.68,109.79,53168580,111.94,112.8,110.35,56157370,111.07,111.99,108.8,112.02,12/17/2015
40984160,95.2,95.9,93.82,35850220,94.0,94.07,92.68,43665160,93.37,93.45,91.85,93.0,05/09/2016
56137230,178.25,184.25,178.17,42557530,185.18,187.67,184.75,28053230,184.99,186.22,183.67,186.55,05/09/2018
22117750,138.74,138.79,137.05,19578920,139.25,139.36,138.64,17048800,138.85,139.43,138.82,139.3,03/14/2017
71882770,236.36,247.69,234.3,75900510,250.75,258.25,244.3,63140170,246.52,258.68,246.36,252.75,03/27/2020
18761470,191.55,193.59,190.3,14669140,192.9,194.96,192.17,26551000,196.05,200.29,195.21,199.68,06/19/2019
20769030,136.43,137.12,136.11,20762360,137.38,137.48,136.3,21754600,135.91,136.66,135.28,137.14,02/27/2017
44811800,96.67,98.21,96.15,38866100,98.84,98.89,96.09,35290570,96.0,96.76,95.8,96.31,02/22/2016
41994110,250.74,255.52,249.4,49250500,255.6,262.49,252.0,44054640,246.5,248.72,239.13,240.34,04/02/2020
25686350,106.48,107.07,105.9,25568350,105.47,106.25,104.89,19354440,106.0,106.19,105.06,104.89,03/29/2016
34494150,113.05,114.12,112.51,35951900,113.85,113.99,112.44,31048170,114.35,114.94,114.0,114.42,09/23/2016
26204670,153.21,154.13,152.0,18631540,154.26,154.45,152.72,16216800,154.01,155.09,153.91,153.63,10/04/2017
24413480,234.9,238.13,234.67,23040480,236.39,237.65,234.88,19286690,233.37,235.24,233.2,235.09,10/17/2019
29421010,322.37,323.4,318.0,27337220,314.18,321.55,313.85,23580780,323.6,323.9,318.71,321.47,02/12/2020
66454720,175.23,177.75,173.8,33944110,175.88,177.5,174.44,56137230,178.25,184.25,178.17,185.18,05/07/2018
54851010,116.53,119.99,116.53,96820670,117.81,118.18,113.33,101593400,112.53,115.42,109.63,116.04,08/13/2015
22751390,219.01,220.54,218.92,27074260,220.15,223.49,219.41,48696960,223.25,228.26,222.4,226.51,08/31/2018
21007650,208.5,209.32,206.66,21162560,210.16,210.45,207.2,20059570,206.43,206.98,204.22,208.39,09/04/2019
23598650,171.18,171.87,170.3,21884010,171.04,171.39,169.64,16041550,170.29,170.56,169.56,170.78,11/21/2017
29174040,143.68,144.49,143.19,21189000,144.19,144.5,143.5,19576480,143.72,144.27,143.01,143.71,04/03/2017
42268040,99.6,100.4,98.82,29139100,99.02,99.54,98.33,40170200,97.6,97.84,96.63,97.79,06/03/2016
29158640,116.04,116.94,115.51,46810020,115.19,115.39,112.85,64678220,112.18,112.68,109.79,111.94,12/15/2015
44829060,123.13,123.82,121.62,39483400,121.85,122.69,120.18,33009110,121.11,121.81,120.62,120.96,11/09/2015
30521720,311.64,317.07,311.15,40653460,316.7,317.57,312.17,30480880,311.85,315.5,309.55,313.59,01/16/2020
21561320,175.03,176.19,174.83,26575010,176.49,178.94,176.41,20544600,177.81,178.82,176.88,174.95,04/19/2018
18355210,208.46,208.91,207.29,14991570,207.67,209.15,207.17,13909560,208.89,209.24,206.73,207.48,07/26/2019
84757780,113.76,114.02,109.77,62800770,110.27,113.28,109.9,49793750,111.79,114.21,111.76,116.58,09/14/2015
82107120,97.61,97.88,94.25,68388840,93.99,94.72,92.51,47844490,93.97,94.08,92.4,94.2,05/03/2016
32345430,105.25,107.29,105.21,25686350,106.48,107.07,105.9,25568350,105.47,106.25,104.89,106.0,03/28/2016
19977160,117.25,117.76,113.8,24100150,116.86,117.38,116.33,22527690,116.81,116.91,116.28,117.1,10/24/2016
31834020,94.64,95.43,94.52,37977020,95.87,97.19,95.67,35074380,97.22,98.09,96.84,98.67,05/25/2016
38158410,130.54,132.09,130.45,22941650,131.35,132.22,131.22,28321440,131.65,132.45,131.12,132.46,02/10/2017
28784550,222.21,224.8,220.2,26656630,223.64,227.27,222.25,41084070,225.46,226.35,216.05,214.52,10/11/2018
26122800,324.66,326.2,322.3,21890090,324.39,325.62,320.78,34312550,323.35,331.75,323.23,330.25,06/08/2020
54017920,213.9,218.03,206.74,40862120,205.53,206.43,201.63,52392970,197.99,198.65,192.58,196.31,08/06/2019
23975350,194.99,195.19,190.1,20912890,191.9,192.2,189.07,37847260,190.3,192.14,189.34,199.13,08/01/2018
33408050,207.03,208.74,205.48,25396100,208.0,209.25,207.07,25525650,209.32,209.5,206.76,206.05,08/08/2018
64398230,160.4,162.11,155.3,95497900,156.86,158.16,149.63,37169230,148.15,151.55,146.59,148.3,12/26/2018
43700570,141.0,141.0,139.89,21258100,140.4,141.5,140.23,39461130,142.11,142.8,139.73,139.85,03/22/2017
23524830,189.83,190.08,188.54,27308200,191.64,191.68,188.38,22727370,191.09,194.46,191.05,193.25,04/03/2019
23714690,180.2,182.14,178.62,27948160,178.92,180.59,177.91,28481170,176.42,179.35,176.0,177.95,05/30/2019
50832950,126.2,127.09,125.06,42090320,125.32,125.74,123.9,44371580,123.09,123.61,122.12,123.38,07/28/2015
34320200,284.73,289.67,283.89,45765970,289.96,294.53,288.35,60154180,286.25,299.0,285.85,289.17,05/04/2020
27649500,144.22,145.46,143.81,21131040,144.29,144.52,143.45,16658660,143.73,144.18,143.27,143.6,04/10/2017
32879090,186.93,190.9,186.76,38612290,183.52,184.35,180.28,28364850,185.22,188.0,184.7,184.66,05/22/2019
23985960,170.32,173.07,169.5,31123000,175.49,179.12,175.35,32416800,180.0,182.67,179.37,182.25,03/13/2019
36592940,291.12,293.97,288.12,36059610,289.46,292.69,285.22,25247630,289.93,293.68,289.52,296.24,01/02/2020
22395560,263.75,264.88,262.1,25093670,263.68,265.78,263.01,21700900,265.8,267.43,264.23,267.9,11/19/2019
43665160,93.37,93.45,91.85,32895650,93.0,93.77,92.59,33653020,93.33,93.57,92.11,93.48,05/11/2016
29976030,109.26,111.19,109.16,27049830,110.86,112.43,110.6,34324350,112.31,114.7,112.31,113.29,12/12/2016
79356010,96.2,97.71,95.36,52960810,98.41,98.65,95.5,72274300,95.1,98.19,93.42,97.06,01/21/2016
21884010,171.04,171.39,169.64,16041550,170.29,170.56,169.56,25047130,170.78,173.7,170.78,173.36,11/22/2017
48079330,116.1,116.52,114.68,68176940,114.08,114.35,111.63,127246600,110.43,111.9,105.65,94.87,08/24/2015
35290570,96.0,96.76,95.8,34240470,96.31,96.9,95.92,31851180,96.4,96.5,94.55,93.98,02/24/2016
39735110,169.95,171.67,168.5,32512580,172.48,172.62,169.63,27315530,169.06,171.52,168.4,167.5,12/06/2017
43250420,165.45,168.35,162.73,33753490,165.38,167.53,164.39,47597670,166.0,167.45,159.09,160.4,12/20/2018
30684390,186.51,191.92,185.77,26220850,191.81,195.37,191.62,26932880,194.86,196.0,193.6,193.95,06/12/2019
33911860,296.24,300.6,295.19,36633880,297.15,300.58,296.5,29644640,293.79,299.96,292.75,299.84,01/07/2020
20222210,137.14,137.44,136.28,23446340,137.08,137.44,136.7,36362440,137.89,140.15,137.6,140.0,03/02/2017
52392970,197.99,198.65,192.58,35824790,196.31,198.07,194.04,33364400,195.41,199.56,193.82,200.2,08/08/2019
26060430,159.26,161.27,159.11,39636190,159.9,160.0,154.63,26208970,156.6,158.57,156.07,159.32,08/14/2017
25058280,101.91,102.91,101.78,40026250,103.96,105.18,103.85,38236730,104.61,106.31,104.59,105.52,03/17/2016
72187710,145.74,146.09,142.51,34089190,147.16,147.45,145.15,31454590,147.5,147.5,143.84,143.32,06/15/2017
57774940,108.01,111.01,107.55,52033100,109.88,111.37,109.07,48702200,110.63,111.74,109.77,111.74,10/07/2015
31123000,175.49,179.12,175.35,32416800,180.0,182.67,179.37,30929740,182.25,183.3,180.92,183.9,03/14/2019
26781730,105.58,106.0,105.28,39546610,106.27,107.65,106.18,28010430,107.52,108.37,107.16,108.23,08/09/2016
25568350,105.47,106.25,104.89,19354440,106.0,106.19,105.06,31154910,104.89,107.79,104.88,108.65,03/30/2016
16553500,193.06,194.85,192.43,19005150,194.61,195.96,193.61,23975350,194.99,195.19,190.1,191.9,07/30/2018
34154130,315.31,319.64,313.63,29706720,323.52,324.76,318.95,26356390,322.57,325.22,320.26,322.37,02/07/2020
25093670,263.68,265.78,263.01,21700900,265.8,267.43,264.23,19069600,267.9,268.0,265.39,265.54,11/20/2019
47767760,121.15,121.39,120.62,111837300,127.03,130.49,127.01,33671250,127.98,129.39,127.78,128.31,02/03/2017
19578920,139.25,139.36,138.64,17048800,138.85,139.43,138.82,15281850,139.3,139.65,138.84,139.41,03/15/2017
23389530,207.28,209.78,207.2,24592460,207.36,209.1,206.67,25864510,207.7,210.95,207.7,210.16,08/14/2018
32152870,119.87,121.36,119.61,45479260,120.79,123.49,120.7,44829060,123.13,123.82,121.62,121.85,11/05/2015
25402270,153.8,154.72,153.54,21983410,153.89,154.28,152.7,26204670,153.21,154.13,152.0,154.26,10/02/2017
75219710,92.91,94.66,92.65,45595680,93.0,93.05,91.5,40387960,92.9,93.66,92.14,93.97,06/29/2016
36486560,308.1,317.05,307.24,40575260,317.83,319.69,310.91,50155640,312.15,315.95,303.21,304.51,05/14/2020
27942430,187.74,190.37,187.65,26167950,189.49,190.06,187.45,20393070,189.01,189.53,187.86,186.78,05/15/2018
33772050,173.67,175.65,173.54,37353670,176.35,179.39,176.21,38885510,179.1,180.48,178.16,179.26,02/28/2018
37034520,110.37,110.94,109.03,26481320,109.17,110.09,108.85,34113880,110.0,110.03,108.25,109.5,12/06/2016
23243160,193.25,196.5,193.15,19090050,194.79,196.37,193.14,18473070,196.45,197.1,195.93,196.42,04/08/2019
27207250,313.59,315.7,312.09,34454120,316.27,318.74,315.0,27710810,317.19,319.02,316.0,318.58,01/22/2020
55548830,297.26,304.18,289.23,57668360,300.95,302.53,286.13,49678430,286.53,297.88,286.5,281.1,02/27/2020
33538550,185.14,186.33,183.45,20490090,186.35,187.2,185.73,25649240,187.25,188.35,184.94,186.12,06/22/2018
33671250,127.98,129.39,127.78,24460160,128.31,129.19,128.16,26784530,129.13,130.5,128.9,130.54,02/07/2017
34949690,170.97,172.48,168.2,28976200,169.88,173.09,169.85,28567110,173.0,174.0,171.53,172.23,04/11/2018
19970040,143.71,144.12,143.05,19865300,143.25,144.89,143.17,27649500,144.22,145.46,143.81,144.29,04/06/2017
22539860,135.67,135.9,134.84,22163280,135.1,135.83,135.1,24487200,136.23,136.75,135.98,136.43,02/22/2017
24460850,95.7,96.5,95.62,28877500,96.49,96.89,96.05,23317990,96.75,97.65,96.73,97.17,07/12/2016
41459120,172.63,172.92,167.16,41484540,170.43,172.14,168.44,39735110,169.95,171.67,168.5,172.48,12/04/2017
57668360,300.95,302.53,286.13,49678430,286.53,297.88,286.5,80151380,281.1,286.0,272.96,257.26,02/28/2020
21532200,174.55,175.06,173.41,23751690,173.16,174.3,173.0,18653380,174.59,175.49,174.49,176.18,01/12/2018
26604140,157.05,157.21,155.02,20514810,156.07,157.4,155.69,21827400,157.06,158.92,156.67,158.6,08/08/2017
17427570,207.36,208.48,207.05,18463850,206.83,207.76,205.12,18612770,204.9,205.0,202.12,204.4,04/29/2019
29773430,184.28,184.99,181.14,22526310,183.08,185.47,182.15,30684390,186.51,191.92,185.77,191.81,06/10/2019
27254850,146.76,148.98,146.76,48670440,149.03,153.7,149.03,38907940,153.87,154.88,153.45,153.63,05/10/2017
30149410,218.1,219.18,215.11,25682700,216.8,217.19,214.03,18965930,214.1,216.36,213.84,214.65,08/23/2018
31130520,244.76,245.3,241.21,34790520,247.24,249.17,237.26,37781330,249.54,255.93,249.16,257.33,11/04/2019
33770220,106.05,106.07,104.0,30148360,104.81,105.84,104.77,26781730,105.58,106.0,105.28,106.27,08/05/2016
23492650,117.1,117.74,117.0,46820600,117.95,118.36,117.31,66028640,114.31,115.7,113.31,115.39,10/27/2016
34260230,176.15,179.25,175.07,31087330,179.37,180.1,178.25,31306390,178.61,179.58,177.41,177.3,01/22/2018
16252850,160.42,160.71,159.6,42357420,156.75,157.08,155.02,23907540,156.61,157.75,155.96,156.89,10/23/2017
20442740,172.4,173.13,171.65,40122100,173.63,174.17,172.46,29385650,174.88,177.2,174.86,175.03,12/19/2017
61192340,92.39,94.39,91.65,46858910,94.55,94.7,93.01,42009830,94.16,95.21,93.89,94.64,05/19/2016
25129510,175.11,175.38,174.27,16956290,173.5,174.5,173.4,24683350,173.04,173.48,171.18,169.97,11/15/2017
39483400,121.85,122.69,120.18,33009110,121.11,121.81,120.62,33829290,120.96,121.81,120.05,116.9,11/10/2015
28769220,115.8,116.33,114.76,21081620,115.85,116.51,115.75,22115100,115.92,116.86,115.81,116.78,01/06/2017
26544720,186.27,191.75,186.02,33031360,189.91,192.47,188.84,32879090,186.93,190.9,186.76,183.52,05/20/2019
27526040,96.05,96.76,95.25,28949760,97.2,98.02,96.58,35131460,96.86,98.23,96.65,97.65,03/01/2016
20859830,150.48,151.42,149.95,17170490,151.5,151.74,150.19,25111310,149.99,150.44,148.88,150.58,07/24/2017
21329170,194.14,194.2,192.34,26580710,191.17,192.0,189.77,18069930,191.35,191.97,190.21,191.39,06/12/2018
20543190,200.85,201.0,198.44,27738580,199.2,200.14,196.21,17524150,198.58,199.85,198.01,199.46,04/16/2019
24603320,171.25,171.7,169.75,18958570,169.71,171.44,169.49,25323890,171.19,173.32,170.99,171.8,02/21/2019
20755140,174.67,175.49,173.94,24755470,173.87,174.44,172.02,23985960,170.32,173.07,169.5,175.49,03/11/2019
51529980,101.52,101.53,99.21,71937310,99.93,100.88,98.07,133059000,96.04,96.63,93.34,93.79,01/28/2016
36547440,203.16,206.44,202.59,27883360,203.46,205.14,199.67,28813620,204.28,207.16,203.84,210.62,08/19/2019
23345970,146.52,147.14,145.81,27254850,146.76,148.98,146.76,48670440,149.03,153.7,149.03,153.87,05/09/2017
15957630,204.1,205.72,203.32,21007650,208.5,209.32,206.66,21162560,210.16,210.45,207.2,206.43,09/03/2019
26378910,113.65,114.23,113.2,43403760,113.46,113.77,110.53,28174980,111.4,112.35,111.23,110.98,11/03/2016
50721830,270.8,271.7,259.0,42223820,262.74,267.37,261.23,40529120,268.7,270.07,264.7,268.31,04/13/2020
52033100,109.88,111.37,109.07,48702200,110.63,111.74,109.77,46717770,111.74,111.77,109.41,110.19,10/08/2015
44654830,112.02,112.25,108.98,96197190,108.91,109.52,105.81,47507230,107.28,107.37,105.57,107.4,12/22/2015
37425640,167.88,168.94,164.47,30237640,167.64,168.75,164.88,34581850,164.88,172.01,164.77,172.58,04/05/2018
20182050,189.69,192.55,189.69,20670830,191.78,192.43,190.17,15955820,190.68,191.96,189.56,192.45,07/24/2018
28510370,367.85,370.47,363.64,29663910,370.0,375.78,369.87,28106110,375.41,378.62,372.23,376.72,07/08/2020
123601900,117.42,117.7,113.25,99202400,112.95,117.44,112.1,52828890,115.97,116.5,114.12,114.58,08/07/2015
27584020,114.92,115.05,113.32,46559730,115.76,117.49,115.5,43233950,117.64,119.75,116.76,119.2,11/20/2015
32690080,99.83,101.0,99.13,28218240,99.26,99.3,98.31,40290580,98.25,98.84,96.92,96.82,07/26/2016
28487570,97.79,98.27,97.45,23265200,97.99,101.89,97.55,22378380,99.25,99.87,98.96,99.02,06/08/2016
37568080,179.26,180.62,178.05,48706170,178.54,179.78,172.66,38426060,172.8,176.3,172.45,175.21,03/05/2018
44223040,90.0,91.67,90.0,61192340,92.39,94.39,91.65,46858910,94.55,94.7,93.01,94.16,05/18/2016
41587090,300.35,307.9,300.21,33843130,313.17,316.5,310.32,25432390,315.03,318.52,313.01,316.68,05/20/2020
68176940,114.08,114.35,111.63,127246600,110.43,111.9,105.65,161882500,94.87,108.8,92.0,111.11,08/25/2015
46937190,115.19,116.18,113.25,34494150,113.05,114.12,112.51,35951900,113.85,113.99,112.44,114.35,09/22/2016
23766360,99.56,100.0,99.34,26219110,100.0,100.46,99.74,32690080,99.83,101.0,99.13,99.26,07/22/2016
27553750,95.39,95.4,94.46,30877540,94.6,95.66,94.37,24460850,95.7,96.5,95.62,96.49,07/08/2016
35644510,218.01,224.3,216.56,49118510,224.94,225.0,219.84,41411350,223.52,228.35,222.57,225.75,09/14/2018
26148590,185.8,188.39,185.79,31440300,188.35,188.99,185.92,31003380,186.23,189.49,184.73,190.02,03/21/2019
22676520,178.5,180.24,178.07,38313330,178.65,179.12,177.62,32931110,177.32,177.47,173.66,175.24,03/20/2018
31251870,96.45,97.75,96.07,60793260,96.62,96.65,95.3,34355970,96.0,96.57,95.03,94.94,06/21/2016
19576480,143.72,144.27,143.01,19970040,143.71,144.12,143.05,19865300,143.25,144.89,143.17,144.22,04/05/2017
20046250,132.46,132.94,132.05,22989980,133.08,133.82,132.75,33054500,133.47,135.09,133.25,135.52,02/15/2017
19217810,153.73,154.35,153.03,21895020,154.0,154.24,153.31,20118620,153.42,154.43,153.33,153.97,05/31/2017
23402510,172.5,173.54,172.0,20442740,172.4,173.13,171.65,40122100,173.63,174.17,172.46,174.88,12/18/2017
31506890,160.5,162.05,159.89,71574560,162.61,163.96,158.77,44866280,159.87,159.96,157.91,158.99,09/14/2017
21337310,116.74,117.5,116.68,23724430,116.8,117.4,116.78,26043820,116.35,116.51,115.64,115.59,12/23/2016
39461130,142.11,142.8,139.73,25804820,139.85,141.6,139.76,20299310,141.26,141.58,140.61,141.5,03/24/2017
35421310,145.13,147.16,145.11,25674500,147.17,148.28,145.38,24725210,145.01,146.16,143.62,144.49,06/28/2017
21247590,145.52,146.07,144.61,19082170,145.77,146.7,145.12,35421310,145.13,147.16,145.11,147.17,06/26/2017
26645130,107.9,108.3,107.51,42250480,107.83,108.76,107.07,52955310,107.25,107.27,105.24,104.64,09/09/2016
33291640,205.97,210.06,204.13,25289270,209.98,210.12,206.75,34317760,205.55,206.01,202.25,199.0,11/12/2018
57977090,221.38,222.56,217.47,19419650,218.95,219.84,217.65,31434370,221.03,222.49,217.19,218.55,09/25/2019
39824200,173.68,175.15,166.92,41464880,167.25,170.02,165.19,38116290,167.81,171.75,166.9,167.88,04/02/2018
23839880,108.71,108.9,107.76,27460070,108.52,108.93,107.85,18648700,107.78,108.44,107.78,108.14,08/15/2016
36059610,289.46,292.69,285.22,25247630,289.93,293.68,289.52,33911860,296.24,300.6,295.19,297.15,01/03/2020
114436300,96.0,98.71,95.68,82107120,97.61,97.88,94.25,68388840,93.99,94.72,92.51,93.97,05/02/2016
29748560,184.66,185.71,182.55,36529740,179.8,180.54,177.81,23714690,180.2,182.14,178.62,178.92,05/28/2019
18386470,219.96,220.82,219.12,25643090,221.06,222.85,219.44,22187880,222.01,223.76,220.37,221.38,09/20/2019
24378480,182.99,186.53,182.54,24987260,185.23,187.28,184.03,17352380,184.1,186.21,183.8,186.29,06/29/2018
92143920,104.27,104.35,102.75,38771840,102.83,104.45,102.82,27697970,104.19,104.55,103.68,104.41,08/01/2016
52828890,115.97,116.5,114.12,38610120,114.58,116.25,114.5,54851010,116.53,119.99,116.53,117.81,08/11/2015
33520150,151.27,153.34,151.13,26892850,153.38,153.98,152.63,22930630,154.0,154.58,152.91,154.9,05/23/2017
11654360,266.6,268.0,265.9,23693550,267.27,268.25,263.45,29377270,258.31,259.53,256.29,261.07,12/04/2019
45635470,165.53,167.37,164.7,32234520,166.87,168.44,166.5,44453230,167.17,168.62,166.76,166.0,02/02/2018
46315620,96.52,96.92,93.69,53920550,93.13,95.7,93.04,44282560,94.29,95.94,93.93,95.92,02/10/2016
49250500,255.6,262.49,252.0,44054640,246.5,248.72,239.13,41483490,240.34,245.15,236.9,242.8,04/03/2020
22527690,116.81,116.91,116.28,23492650,117.1,117.74,117.0,46820600,117.95,118.36,117.31,114.31,10/26/2016
28595230,209.22,210.74,208.33,27595310,211.75,213.81,211.47,35034410,213.44,217.95,213.16,218.1,08/20/2018
17675210,183.82,187.3,183.42,13954810,187.79,187.95,183.54,16543880,185.26,186.41,184.28,185.42,07/06/2018
22526310,183.08,185.47,182.15,30684390,186.51,191.92,185.77,26220850,191.81,195.37,191.62,194.86,06/11/2019
26547490,267.48,271.0,267.3,32182650,270.0,270.8,264.91,22632380,268.6,270.07,265.86,268.81,12/11/2019
17048800,138.85,139.43,138.82,15281850,139.3,139.65,138.84,25676720,139.41,140.75,139.03,140.72,03/16/2017
30929740,182.25,183.3,180.92,23527660,183.9,184.1,182.56,39017490,184.85,187.33,183.74,185.8,03/18/2019
29334630,180.32,180.52,177.81,22676520,178.5,180.24,178.07,38313330,178.65,179.12,177.62,177.32,03/19/2018
39075250,172.0,172.0,170.06,50565420,170.16,170.16,167.07,45635470,165.53,167.37,164.7,166.87,01/31/2018
34260890,169.2,172.89,168.79,19088170,172.15,172.39,171.46,23402510,172.5,173.54,172.0,172.4,12/14/2017
85349340,282.28,301.44,277.72,79868850,303.67,304.0,285.8,54794570,296.44,303.4,293.13,295.52,03/05/2020
18966120,256.77,257.49,255.37,23735080,258.74,260.35,258.11,17520500,258.69,260.44,256.85,258.3,11/11/2019
61747260,110.19,110.19,108.21,52720620,110.0,112.28,109.49,30386830,112.73,112.75,111.44,110.82,10/13/2015
35454230,105.93,107.65,105.14,32345430,105.25,107.29,105.21,25686350,106.48,107.07,105.9,105.47,03/24/2016
26330070,157.5,157.89,155.11,21564890,158.23,160.0,158.02,19376940,159.07,160.47,158.88,160.43,08/24/2017
23606240,108.57,108.75,107.68,25001730,107.39,107.88,106.68,27744300,107.41,107.95,106.31,106.62,08/29/2016
67673450,115.4,116.54,113.99,85436210,116.93,119.3,116.06,51106100,118.7,120.69,118.27,120.99,10/30/2015
27363960,228.41,229.18,226.63,33290830,228.99,229.67,225.1,34121240,226.23,227.35,221.3,221.85,09/07/2018
19088310,220.0,220.94,218.83,25361290,220.54,220.96,217.28,26318580,220.9,224.58,220.79,225.07,10/01/2019
52979780,103.91,105.3,103.91,114436300,96.0,98.71,95.68,82107120,97.61,97.88,94.25,93.99,04/29/2016
38016810,216.88,220.45,216.62,52954070,219.05,222.36,216.81,91046560,209.55,213.65,205.43,204.3,11/05/2018
54149930,324.45,327.85,321.38,31685810,320.54,324.09,318.75,49897100,320.93,322.68,308.29,304.3,02/03/2020
32970790,110.82,112.45,110.68,44434220,111.29,111.52,109.56,37622200,110.93,112.1,110.49,111.78,10/16/2015
24143240,247.42,249.25,246.72,35709870,248.97,249.75,242.57,31130520,244.76,245.3,241.21,247.24,10/31/2019
23913630,330.25,333.6,327.32,36928090,332.14,345.61,332.01,41662940,347.9,354.77,346.09,349.31,06/11/2020
46873670,112.11,112.3,109.73,60784920,108.89,108.95,106.94,32340620,107.88,108.0,106.23,106.64,04/20/2016
19069600,267.9,268.0,265.39,26609920,265.54,266.08,260.4,30348780,263.69,264.01,261.18,262.59,11/22/2019
44651420,163.89,168.07,163.72,35779520,167.9,169.65,166.94,33482970,169.87,169.94,165.61,167.64,11/02/2017
20495340,122.14,122.35,121.6,30327110,120.93,121.63,120.66,47767760,121.15,121.39,120.62,127.03,02/01/2017
24487200,136.23,136.75,135.98,20769030,136.43,137.12,136.11,20762360,137.38,137.48,136.3,135.91,02/24/2017
37378070,172.83,174.12,171.01,30953760,171.8,173.95,171.71,33772050,173.67,175.65,173.54,176.35,02/26/2018
43218350,115.93,116.53,114.42,37080720,116.25,116.54,115.44,63712340,115.66,116.49,113.72,112.21,09/18/2015
21236850,108.59,109.32,108.53,23606240,108.57,108.75,107.68,25001730,107.39,107.88,106.68,107.41,08/26/2016
12506830,191.08,191.84,190.9,15009800,191.52,192.65,190.42,15515000,189.75,191.87,189.2,191.78,07/18/2018
51861990,113.85,114.57,112.44,73230280,112.83,113.51,107.86,66300930,110.17,111.54,108.73,109.07,10/01/2015
41662940,347.9,354.77,346.09,50415610,349.31,351.06,335.48,50036510,344.72,347.8,334.22,333.25,06/15/2020
45713690,219.19,219.69,206.09,36487930,211.15,215.18,209.27,38016810,216.88,220.45,216.62,219.05,11/01/2018
81013970,247.51,257.61,238.4,75058410,239.77,250.0,237.12,67964260,247.39,252.84,242.61,247.18,03/20/2020
62285770,100.32,101.19,97.3,63000140,97.96,100.48,95.74,79356010,96.2,97.71,95.36,98.41,01/19/2016
15955820,190.68,191.96,189.56,18680930,192.45,193.66,192.05,16553500,193.06,194.85,192.43,194.61,07/26/2018
28507780,110.78,112.03,110.07,36151450,111.6,112.2,110.27,37034520,110.37,110.94,109.03,109.17,12/02/2016
17837130,149.2,150.13,148.67,20859830,150.48,151.42,149.95,17170490,151.5,151.74,150.19,149.99,07/21/2017
46858910,94.55,94.7,93.01,42009830,94.16,95.21,93.89,30417880,94.64,94.64,93.57,94.64,05/20/2016
20710390,188.95,189.56,187.53,23524830,189.83,190.08,188.54,27308200,191.64,191.68,188.38,191.09,04/02/2019
35474680,170.4,171.92,169.02,31754210,170.49,172.57,169.55,40620360,169.0,169.08,165.28,165.45,12/17/2018
20929310,205.79,206.5,202.36,22277930,203.65,207.23,203.61,18355210,208.46,208.91,207.29,207.67,07/24/2019
72215320,159.1,163.88,156.0,68171940,154.83,163.72,154.0,51467440,163.09,163.4,159.07,160.29,02/08/2018
50565420,170.16,170.16,167.07,45635470,165.53,167.37,164.7,32234520,166.87,168.44,166.5,167.17,02/01/2018
27607370,161.94,162.51,160.15,27377960,160.52,160.71,157.84,27391950,157.86,159.5,156.72,157.5,08/21/2017
24518850,175.48,177.12,175.07,32130360,177.96,180.0,177.39,32191070,180.29,182.39,180.21,182.59,03/13/2018
32018540,150.85,151.27,149.22,28449940,150.27,153.39,150.05,30483120,153.08,155.88,153.0,154.2,01/17/2019
29139100,99.02,99.54,98.33,40170200,97.6,97.84,96.63,28487570,97.79,98.27,97.45,97.99,06/06/2016
49696100,191.66,192.88,184.58,29771210,188.75,189.76,186.55,20710390,188.95,189.56,187.53,189.83,03/29/2019
96197190,108.91,109.52,105.81,47507230,107.28,107.37,105.57,32728460,107.4,107.72,106.45,107.27,12/23/2015
20299310,141.26,141.58,140.61,22355140,141.5,141.74,140.35,23531670,139.39,141.22,138.62,140.91,03/28/2017
102731700,111.11,111.11,103.5,96531890,107.09,109.89,105.05,83825220,112.23,113.24,110.02,112.17,08/28/2015
32728460,107.4,107.72,106.45,32618140,107.27,108.85,107.2,13596680,109.0,109.0,107.95,107.59,12/28/2015
35850220,94.0,94.07,92.68,43665160,93.37,93.45,91.85,32895650,93.0,93.77,92.59,93.33,05/10/2016
23171020,227.95,229.42,226.35,24435010,227.25,230.0,226.63,28540490,230.05,233.47,229.78,230.78,10/04/2018
49678430,286.53,297.88,286.5,80151380,281.1,286.0,272.96,106721200,257.26,278.41,256.37,282.28,03/02/2020
23377690,187.99,190.26,187.75,26190620,191.64,193.42,191.35,21535570,193.07,193.94,192.36,193.63,06/06/2018
31801970,225.75,226.84,222.52,36810120,222.15,222.95,217.27,31495630,217.79,221.85,217.12,218.5,09/19/2018
44866280,159.87,159.96,157.91,23637310,158.99,159.4,158.09,48846060,158.47,160.97,158.0,160.11,09/18/2017
56544250,282.0,290.82,281.23,71686210,263.75,278.09,263.0,71322520,277.14,286.44,269.37,277.39,03/11/2020
19376940,159.07,160.47,158.88,19782170,160.43,160.74,158.55,25184600,159.65,160.56,159.27,160.14,08/28/2017
26393770,107.7,108.0,106.82,26645130,107.9,108.3,107.51,42250480,107.83,108.76,107.07,107.25,09/08/2016
27697970,104.19,104.55,103.68,38018910,104.41,106.15,104.41,33770220,106.05,106.07,104.0,104.81,08/03/2016
23273160,177.91,178.25,176.13,31686450,174.94,175.85,174.27,24518850,175.48,177.12,175.07,177.96,03/09/2018
22481010,218.55,221.5,217.14,19088310,220.0,220.94,218.83,25361290,220.54,220.96,217.28,220.9,09/30/2019
17265520,203.35,205.08,202.9,25338630,200.81,201.4,198.41,20578020,199.2,201.51,198.81,201.85,07/10/2019
23687350,120.0,120.5,119.71,25554290,119.4,120.09,119.37,29922650,120.45,120.45,119.73,120.0,01/23/2017
24592460,207.36,209.1,206.67,25864510,207.7,210.95,207.7,20679270,210.16,210.56,208.26,209.22,08/15/2018
23285760,170.49,171.0,168.82,34260890,169.2,172.89,168.79,19088170,172.15,172.39,171.46,172.5,12/13/2017
48706170,178.54,179.78,172.66,38426060,172.8,176.3,172.45,27825140,175.21,177.74,174.52,177.91,03/06/2018
32445680,119.27,119.73,117.34,42747950,117.33,119.35,117.12,21341960,119.21,119.23,117.92,118.29,11/27/2015
35738280,200.32,202.85,199.23,21654750,198.68,200.74,198.18,20543190,200.85,201.0,198.44,199.2,04/12/2019
33507770,227.96,228.41,220.58,28784550,222.21,224.8,220.2,26656630,223.64,227.27,222.25,225.46,10/10/2018
37080720,116.25,116.54,115.44,63712340,115.66,116.49,113.72,73991000,112.21,114.3,111.87,113.67,09/21/2015
21983410,153.89,154.28,152.7,26204670,153.21,154.13,152.0,18631540,154.26,154.45,152.72,154.01,10/03/2017
90398170,113.86,115.73,113.49,79763890,115.12,116.13,114.04,46937190,115.19,116.18,113.25,113.05,09/20/2016
20762360,137.38,137.48,136.3,21754600,135.91,136.66,135.28,20222210,137.14,137.44,136.28,137.08,02/28/2017
25302200,176.18,177.36,175.65,29512410,177.9,179.39,176.14,34260230,176.15,179.25,175.07,179.37,01/18/2018
22551660,186.29,187.19,182.91,17675210,183.82,187.3,183.42,13954810,187.79,187.95,183.54,185.26,07/05/2018
52960810,98.41,98.65,95.5,72274300,95.1,98.19,93.42,52099200,97.06,97.88,94.94,98.63,01/22/2016
52954070,219.05,222.36,216.81,91046560,209.55,213.65,205.43,66072170,204.3,204.39,198.17,201.92,11/06/2018
32931110,177.32,177.47,173.66,19620520,175.24,176.8,174.94,36387880,175.04,175.09,171.26,170.0,03/22/2018
18776390,188.5,189.78,187.61,18000180,189.53,191.41,189.31,12506830,191.08,191.84,190.9,191.52,07/16/2018
68384270,100.56,102.37,99.87,80742460,98.68,100.13,96.43,70722000,98.55,99.11,96.76,98.97,01/11/2016
26170690,140.0,140.28,138.76,21555370,138.78,139.83,138.59,21229890,139.37,139.77,138.6,139.06,03/07/2017
27850370,164.12,165.73,163.37,35617230,164.0,164.33,160.63,41976500,162.13,167.26,161.84,166.41,05/01/2018
34693280,174.95,175.39,172.66,65270950,170.6,171.22,165.43,36396590,166.84,166.92,164.09,165.67,04/24/2018
41156140,171.51,174.77,170.88,45941750,176.73,181.29,174.93,41523580,182.66,182.8,177.7,180.29,11/30/2018
28053230,184.99,186.22,183.67,23141260,186.55,187.4,185.22,27942430,187.74,190.37,187.65,189.49,05/11/2018
20940020,171.05,171.21,169.25,22224400,170.1,171.0,169.7,22389660,171.39,172.48,169.92,169.71,02/14/2019
55204920,130.97,132.97,130.7,73006780,132.85,132.92,130.32,115288400,121.99,125.5,121.99,126.2,07/23/2015
71322520,277.14,286.44,269.37,64094970,277.39,281.22,271.86,104618500,255.94,270.0,248.0,264.89,03/13/2020
25323890,171.19,173.32,170.99,17154540,171.8,172.37,170.3,18890250,171.58,173.0,171.38,174.16,02/25/2019
91046560,209.55,213.65,205.43,66072170,204.3,204.39,198.17,31774720,201.92,204.72,201.69,205.97,11/07/2018
25338630,200.81,201.4,198.41,20578020,199.2,201.51,198.81,17897140,201.85,203.73,201.56,203.31,07/11/2019
27738580,199.2,200.14,196.21,17524150,198.58,199.85,198.01,25668330,199.46,201.37,198.56,199.54,04/17/2019
31996320,209.84,212.65,208.13,20892380,210.89,211.84,210.23,32443110,204.29,208.84,203.5,205.88,05/07/2019
33944110,175.88,177.5,174.44,56137230,178.25,184.25,178.17,42557530,185.18,187.67,184.75,184.99,05/08/2018
79763890,115.12,116.13,114.04,46937190,115.19,116.18,113.25,34494150,113.05,114.12,112.51,113.85,09/21/2016
15281850,139.3,139.65,138.84,25676720,139.41,140.75,139.03,19173780,140.72,141.02,140.26,141.0,03/17/2017
30555900,116.65,117.2,115.43,28769220,115.8,116.33,114.76,21081620,115.85,116.51,115.75,115.92,01/05/2017
31440300,188.35,188.99,185.92,31003380,186.23,189.49,184.73,50943120,190.02,196.33,189.81,195.34,03/22/2019
38907940,153.87,154.88,153.45,25779060,153.63,153.94,152.11,27236290,152.45,154.07,152.31,154.7,05/12/2017
35217270,310.6,312.67,308.25,30521720,311.64,317.07,311.15,40653460,316.7,317.57,312.17,311.85,01/15/2020
34355970,96.0,96.57,95.03,35407050,94.94,96.35,94.68,29124140,96.25,96.89,95.35,95.94,06/23/2016
28540490,230.05,233.47,229.78,31961120,230.78,232.35,226.73,33507770,227.96,228.41,220.58,222.21,10/08/2018
26919530,210.88,213.35,210.32,21564750,212.99,213.65,211.6,22267820,213.19,214.44,210.75,209.43,08/23/2019
17223790,154.97,155.49,154.56,16243080,155.81,156.73,155.49,15603520,156.06,158.0,155.1,155.97,10/11/2017
24900130,106.62,107.44,106.29,24817940,105.8,106.5,105.5,31639010,105.66,106.57,105.64,106.14,09/01/2016
25361290,220.54,220.96,217.28,26318580,220.9,224.58,220.79,36187160,225.07,228.22,224.2,223.06,10/02/2019
14244050,115.59,116.52,115.59,18131970,116.52,117.8,116.49,20686510,117.52,118.02,116.2,116.45,12/29/2016
34908610,200.4,201.68,196.66,41208710,197.42,198.85,192.77,57430620,187.71,189.48,182.85,186.41,05/14/2019
23040480,236.39,237.65,234.88,19286690,233.37,235.24,233.2,17272900,235.09,236.15,233.52,234.59,10/18/2019
27150570,109.34,110.5,108.66,32771760,110.8,112.34,110.8,25364920,111.62,112.39,111.33,112.11,04/15/2016
29282700,225.82,228.06,224.33,19029420,227.03,227.79,225.64,28962980,227.93,230.44,227.3,232.95,10/11/2019
60774900,158.5,163.89,157.51,32483310,161.95,164.75,161.65,40382890,163.05,167.54,162.88,169.79,02/15/2018
20400770,217.15,218.74,216.33,22751390,219.01,220.54,218.92,27074260,220.15,223.49,219.41,223.25,08/30/2018
25649240,187.25,188.35,184.94,27185130,186.12,186.15,184.7,31632320,183.4,184.92,180.73,182.99,06/26/2018
44289650,218.07,223.71,217.73,32226670,224.8,226.42,222.86,39763300,220.0,220.79,217.02,217.73,09/16/2019
33009110,121.11,121.81,120.62,33829290,120.96,121.81,120.05,59029400,116.9,118.07,116.06,116.37,11/11/2015
36387880,175.04,175.09,171.26,41335980,170.0,172.68,168.6,40984540,168.39,169.92,164.94,168.07,03/26/2018
75058410,239.77,250.0,237.12,67964260,247.39,252.84,242.61,100423300,247.18,251.83,228.0,228.08,03/23/2020
30031410,98.92,99.3,98.5,36464530,98.7,100.13,98.6,23766360,99.56,100.0,99.34,100.0,07/20/2016
32470020,242.8,245.7,238.97,50455070,250.9,263.11,249.38,50721830,270.8,271.7,259.0,262.74,04/08/2020
53454620,96.82,97.97,96.42,92143920,104.27,104.35,102.75,38771840,102.83,104.45,102.82,104.19,07/29/2016
39494770,220.42,222.88,216.84,30280450,221.16,221.83,217.27,28802550,218.93,222.99,216.76,222.3,10/17/2018
35055820,360.08,365.98,360.0,27684310,365.12,367.36,363.91,28510370,367.85,370.47,363.64,370.0,07/06/2020
18253190,193.95,195.97,193.39,21674630,194.7,196.79,193.6,18761470,191.55,193.59,190.3,192.9,06/17/2019
54794570,296.44,303.4,293.13,46893220,295.52,299.55,291.41,56544250,282.0,290.82,281.23,263.75,03/09/2020
48696960,223.25,228.26,222.4,43177540,226.51,228.87,226.0,27363960,228.41,229.18,226.63,228.99,09/05/2018
28601630,355.15,355.4,351.09,24205100,351.41,353.45,349.22,66118950,354.64,356.56,345.15,351.34,06/22/2020
33690660,172.05,174.26,171.42,37378070,172.83,174.12,171.01,30953760,171.8,173.95,171.71,173.67,02/23/2018
38258300,98.67,99.74,98.11,56293490,99.68,100.73,98.64,36299460,99.44,100.47,99.25,99.6,05/31/2016
20490090,186.35,187.2,185.73,25649240,187.25,188.35,184.94,27185130,186.12,186.15,184.7,183.4,06/25/2018
36810120,222.15,222.95,217.27,31495630,217.79,221.85,217.12,26869880,218.5,219.62,215.3,220.24,09/20/2018
32182650,270.0,270.8,264.91,22632380,268.6,270.07,265.86,19723390,268.81,271.1,268.5,267.78,12/12/2019
46461610,104.64,105.72,103.13,45114590,102.65,105.72,102.53,62080160,107.51,108.79,107.24,108.73,09/14/2016
42250480,107.83,108.76,107.07,52955310,107.25,107.27,105.24,46461610,104.64,105.72,103.13,102.65,09/12/2016
21700900,265.8,267.43,264.23,19069600,267.9,268.0,265.39,26609920,265.54,266.08,260.4,263.69,11/21/2019
19216820,208.39,209.48,207.32,23946880,212.0,213.97,211.51,19362290,214.05,214.42,212.51,214.84,09/09/2019
61292800,121.94,123.85,121.21,41365600,125.03,125.76,124.32,31695870,126.04,126.37,125.04,125.72,07/15/2015
25779060,153.63,153.94,152.11,27236290,152.45,154.07,152.31,32493770,154.7,156.42,154.67,156.01,05/15/2017
35678360,113.63,114.72,113.3,50061580,113.25,115.5,112.37,56005550,116.44,116.69,114.02,113.85,09/28/2015
17014490,188.0,188.91,186.36,18083080,187.19,187.81,186.13,18383080,188.0,189.27,186.91,188.38,05/22/2018
21610300,162.71,162.99,160.52,21905160,162.09,162.24,160.36,28411740,160.86,161.15,158.53,160.5,09/11/2017
19286690,233.37,235.24,233.2,17272900,235.09,236.15,233.52,24377170,234.59,237.58,234.29,237.52,10/21/2019
29512410,177.9,179.39,176.14,34260230,176.15,179.25,175.07,31087330,179.37,180.1,178.25,178.61,01/19/2018
16383610,153.17,153.33,152.22,27715140,153.58,155.45,152.89,25277680,154.34,154.45,153.46,153.9,06/06/2017
24626950,279.5,281.18,278.95,69032740,282.23,282.65,278.56,24677880,280.53,284.25,280.37,284.69,12/24/2019
27684310,365.12,367.36,363.91,28510370,367.85,370.47,363.64,29663910,370.0,375.78,369.87,375.41,07/07/2020
25829880,196.42,200.23,196.34,35738280,200.32,202.85,199.23,21654750,198.68,200.74,198.18,200.85,04/11/2019
24435010,227.25,230.0,226.63,28540490,230.05,233.47,229.78,31961120,230.78,232.35,226.73,227.96,10/05/2018
40558490,312.6,318.4,312.19,54149930,324.45,327.85,321.38,31685810,320.54,324.09,318.75,320.93,01/31/2020
21847230,261.55,262.79,260.92,25817590,261.13,264.78,261.07,22395560,263.75,264.88,262.1,263.68,11/15/2019
35034410,213.44,217.95,213.16,30149410,218.1,219.18,215.11,25682700,216.8,217.19,214.03,214.1,08/22/2018
21888930,156.89,157.69,155.5,17633730,156.29,157.42,156.2,21175670,156.91,157.55,155.27,157.23,10/26/2017
26575570,98.5,99.99,98.46,31672220,98.53,99.35,98.48,37708360,98.69,99.12,97.1,97.32,06/14/2016
57423650,144.53,148.55,143.8,54571440,148.7,148.83,145.9,40622910,149.56,151.82,148.52,151.29,01/09/2019
31777930,213.86,216.78,211.71,44289650,218.07,223.71,217.73,32226670,224.8,226.42,222.86,220.0,09/13/2019
31454590,147.5,147.5,143.84,31642900,143.32,144.48,142.21,50264540,143.78,144.5,142.2,143.66,06/19/2017
57430620,187.71,189.48,182.85,36529680,186.41,189.7,185.41,26544720,186.27,191.75,186.02,189.91,05/16/2019
48748670,280.0,288.25,278.05,32788640,282.4,286.33,280.63,39281290,287.38,288.2,282.35,284.69,04/17/2020
18369300,243.16,246.73,242.88,24143240,247.42,249.25,246.72,35709870,248.97,249.75,242.57,244.76,10/30/2019
95497900,156.86,158.16,149.63,37169230,148.15,151.55,146.59,58133850,148.3,157.23,146.72,155.84,12/27/2018
29461040,172.53,174.55,171.96,22342650,172.54,173.47,172.08,23589930,173.44,175.37,173.05,174.35,01/08/2018
40984540,168.39,169.92,164.94,36778560,168.07,173.1,166.44,39824200,173.68,175.15,166.92,167.25,03/28/2018
40862120,205.53,206.43,201.63,52392970,197.99,198.65,192.58,35824790,196.31,198.07,194.04,195.41,08/07/2019
42288790,95.92,96.35,94.1,49979700,93.79,94.72,92.59,40323020,94.19,94.5,93.01,95.02,02/16/2016
21017560,155.02,155.98,154.48,21144040,155.25,155.54,154.4,64782910,155.19,155.19,146.02,145.74,06/12/2017
99202400,112.95,117.44,112.1,52828890,115.97,116.5,114.12,38610120,114.58,116.25,114.5,116.53,08/10/2015
22378380,99.25,99.87,98.96,20839950,99.02,99.56,98.68,26575570,98.5,99.99,98.46,98.53,06/10/2016
25554290,119.4,120.09,119.37,29922650,120.45,120.45,119.73,21982000,120.0,120.81,119.77,119.55,01/24/2017
23907540,156.61,157.75,155.96,21888930,156.89,157.69,155.5,17633730,156.29,157.42,156.2,156.91,10/25/2017
21654750,198.68,200.74,198.18,20543190,200.85,201.0,198.44,27738580,199.2,200.14,196.21,198.58,04/15/2019
92683030,264.89,279.92,252.95,80605870,241.95,259.08,240.0,81013970,247.51,257.61,238.4,239.77,03/18/2020
13909560,208.89,209.24,206.73,17618870,207.48,209.73,207.14,21673390,208.46,210.64,208.44,208.76,07/30/2019
30483120,153.08,155.88,153.0,29616190,154.2,157.66,153.26,33259460,157.5,157.88,155.98,156.41,01/22/2019
17618870,207.48,209.73,207.14,21673390,208.46,210.64,208.44,33935720,208.76,210.16,207.31,216.42,07/31/2019
28751540,219.79,223.36,218.94,38681170,215.83,223.25,214.7,39992120,222.6,224.23,214.54,217.71,10/25/2018
56111590,112.03,114.53,112.0,76562170,110.15,111.88,107.36,61681250,110.23,112.34,109.13,112.49,09/03/2015
64332440,94.79,97.34,94.35,40814360,96.47,96.71,95.4,37190500,95.42,96.04,94.28,95.0,02/03/2016
22115100,115.92,116.86,115.81,31714820,116.78,118.16,116.47,33420290,117.95,119.43,117.94,118.77,01/10/2017
26296260,108.23,108.94,108.01,23839880,108.71,108.9,107.76,27460070,108.52,108.93,107.85,107.78,08/12/2016
25080500,145.5,148.49,145.44,20117070,147.97,149.33,147.33,23765710,148.82,150.9,148.57,149.2,07/18/2017
22684000,241.16,242.2,239.62,19932550,242.1,243.24,241.22,17916260,244.51,244.8,241.81,243.16,10/25/2019
21158140,217.73,220.13,217.56,18386470,219.96,220.82,219.12,25643090,221.06,222.85,219.44,222.01,09/19/2019
78291510,123.85,124.06,119.22,61292800,121.94,123.85,121.21,41365600,125.03,125.76,124.32,126.04,07/14/2015
14026670,175.1,175.5,174.65,20591090,175.05,175.08,173.34,26387240,174.3,174.87,171.86,172.63,11/29/2017
33570380,123.38,123.91,122.55,36912040,123.15,123.5,122.27,33400950,122.32,122.57,121.71,122.6,07/31/2015
39194720,220.95,221.85,216.47,35644510,218.01,224.3,216.56,49118510,224.94,225.0,219.84,223.52,09/13/2018
32483310,161.95,164.75,161.65,40382890,163.05,167.54,162.88,50908540,169.79,173.09,169.0,172.36,02/16/2018
31538710,100.78,101.76,100.4,27148530,101.31,101.58,100.27,33490630,101.41,102.24,100.15,102.24,03/11/2016
28331540,162.62,165.42,162.41,27850370,164.12,165.73,163.37,35617230,164.0,164.33,160.63,162.13,04/30/2018
49793750,111.79,114.21,111.76,58279570,116.58,116.89,114.86,43218350,115.93,116.53,114.42,116.25,09/16/2015
27308200,191.64,191.68,188.38,22727370,191.09,194.46,191.05,23243160,193.25,196.5,193.15,194.79,04/04/2019
41365600,125.03,125.76,124.32,31695870,126.04,126.37,125.04,33559770,125.72,127.15,125.58,127.74,07/16/2015
66139770,118.08,118.13,114.92,67673450,115.4,116.54,113.99,85436210,116.93,119.3,116.06,118.7,10/29/2015
28411740,160.86,161.15,158.53,31506890,160.5,162.05,159.89,71574560,162.61,163.96,158.77,159.87,09/13/2017
16331260,262.59,263.18,260.84,21029520,262.71,266.44,262.52,26334880,266.94,267.16,262.5,265.58,11/27/2019
24358920,174.66,176.24,174.33,29422610,175.11,176.1,173.14,25129510,175.11,175.38,174.27,173.5,11/13/2017
25184090,108.58,108.7,107.18,40885480,107.01,107.03,104.82,67569090,102.61,105.37,102.0,105.75,01/05/2016
31087330,179.37,180.1,178.25,31306390,178.61,179.58,177.41,27052000,177.3,177.78,176.6,177.3,01/23/2018
45479260,120.79,123.49,120.7,44829060,123.13,123.82,121.62,39483400,121.85,122.69,120.18,121.11,11/06/2015
27997990,105.0,105.65,104.51,52979780,103.91,105.3,103.91,114436300,96.0,98.71,95.68,97.61,04/28/2016
67569090,102.61,105.37,102.0,55583140,105.75,105.85,102.41,68384270,100.56,102.37,99.87,98.68,01/07/2016
27468700,187.22,188.23,186.14,23377690,187.99,190.26,187.75,26190620,191.64,193.42,191.35,193.07,06/05/2018
52099200,97.06,97.88,94.94,65648660,98.63,101.46,98.37,51529980,101.52,101.53,99.21,99.93,01/26/2016
49305220,120.99,121.22,119.45,32152870,119.87,121.36,119.61,45479260,120.79,123.49,120.7,123.13,11/04/2015
14669140,192.9,194.96,192.17,26551000,196.05,200.29,195.21,21124240,199.68,199.88,197.31,200.37,06/20/2019
26339500,201.9,205.34,201.75,34908610,200.4,201.68,196.66,41208710,197.42,198.85,192.77,187.71,05/13/2019
44371580,123.09,123.61,122.12,33570380,123.38,123.91,122.55,36912040,123.15,123.5,122.27,122.32,07/30/2015
37708360,98.69,99.12,97.1,31890740,97.32,98.48,96.75,29373050,97.82,98.41,97.03,96.45,06/16/2016
16380570,156.35,157.37,155.73,16367780,156.73,157.28,156.41,24093300,157.9,160.0,157.65,159.78,10/17/2017
21910700,320.75,323.44,318.93,26122800,324.66,326.2,322.3,21890090,324.39,325.62,320.78,323.35,06/05/2020
37353670,176.35,179.39,176.21,38885510,179.1,180.48,178.16,37568080,179.26,180.62,178.05,178.54,03/01/2018
45179400,116.37,117.42,115.21,32461350,116.26,116.82,115.65,45555300,115.2,115.57,112.27,111.38,11/16/2015
42557530,185.18,187.67,184.75,28053230,184.99,186.22,183.67,23141260,186.55,187.4,185.22,187.74,05/10/2018
21070330,198.43,199.26,195.29,26067510,197.77,200.99,197.35,20899720,200.29,201.57,199.57,198.68,06/28/2019
27009520,200.2,203.53,199.39,24619750,201.3,202.76,199.29,22481890,199.62,202.05,199.15,201.02,08/13/2019
22727370,191.09,194.46,191.05,23243160,193.25,196.5,193.15,19090050,194.79,196.37,193.14,196.45,04/05/2019
25364920,111.62,112.39,111.33,46873670,112.11,112.3,109.73,60784920,108.89,108.95,106.94,107.88,04/19/2016
31685810,320.54,324.09,318.75,49897100,320.93,322.68,308.29,43496400,304.3,313.49,302.22,315.31,02/04/2020
46810020,115.19,115.39,112.85,64678220,112.18,112.68,109.79,53168580,111.94,112.8,110.35,111.07,12/16/2015
46286150,115.38,116.73,115.23,44284660,116.47,116.5,115.65,27756760,115.8,117.38,115.75,116.74,12/20/2016
32874330,218.06,221.26,217.43,28751540,219.79,223.36,218.94,38681170,215.83,223.25,214.7,222.6,10/24/2018
79868850,303.67,304.0,285.8,54794570,296.44,303.4,293.13,46893220,295.52,299.55,291.41,282.0,03/06/2020
48670440,149.03,153.7,149.03,38907940,153.87,154.88,153.45,25779060,153.63,153.94,152.11,152.45,05/11/2017
42832890,122.6,122.64,120.91,69639900,121.5,122.57,117.52,123601900,117.42,117.7,113.25,112.95,08/05/2015
26190620,191.64,193.42,191.35,21535570,193.07,193.94,192.36,20912820,193.63,194.08,191.92,194.14,06/07/2018
27876220,316.68,319.52,316.2,25672210,318.66,320.89,315.87,20450750,315.77,319.23,315.35,323.5,05/26/2020
24205100,351.41,353.45,349.22,66118950,354.64,356.56,345.15,33861320,351.34,359.46,351.15,364.0,06/23/2020
31961120,230.78,232.35,226.73,33507770,227.96,228.41,220.58,28784550,222.21,224.8,220.2,223.64,10/09/2018
21846400,174.16,175.87,173.95,16991610,173.71,175.3,173.17,27817640,173.21,175.0,172.73,174.32,02/28/2019
20514810,156.07,157.4,155.69,21827400,157.06,158.92,156.67,36127490,158.6,161.83,158.27,159.26,08/09/2017
34121240,226.23,227.35,221.3,37418910,221.85,225.37,220.71,39194720,220.95,221.85,216.47,218.01,09/11/2018
58724080,106.7,110.23,106.6,27623150,109.81,110.35,108.83,28310840,109.72,110.54,109.66,110.12,11/21/2016
36633880,297.15,300.58,296.5,29644640,293.79,299.96,292.75,27877660,299.84,300.9,297.48,297.16,01/08/2020
26067510,197.77,200.99,197.35,20899720,200.29,201.57,199.57,31110640,198.68,199.5,197.05,203.17,07/01/2019
46026600,102.37,103.75,101.37,35890740,102.39,102.83,100.96,31538710,100.78,101.76,100.4,101.31,03/09/2016
30237640,167.64,168.75,164.88,34581850,164.88,172.01,164.77,26750260,172.58,174.23,172.08,170.97,04/06/2018
18473070,196.45,197.1,195.93,25829880,196.42,200.23,196.34,35738280,200.32,202.85,199.23,198.68,04/10/2019
40113790,172.36,174.82,171.77,33690660,172.05,174.26,171.42,37378070,172.83,174.12,171.01,171.8,02/22/2018
18527000,142.9,144.75,142.9,21080580,144.11,145.95,143.37,18647220,144.73,145.85,144.38,145.87,07/12/2017
51314210,364.41,365.32,353.02,32661520,353.25,362.17,351.28,35055820,360.08,365.98,360.0,365.12,07/01/2020
22986960,144.45,144.96,143.78,14277850,144.88,145.3,143.1,21550270,143.69,144.79,142.72,143.02,07/06/2017
22187880,222.01,223.76,220.37,57977090,221.38,222.56,217.47,19419650,218.95,219.84,217.65,221.03,09/24/2019
60547340,193.9,194.48,185.93,46271660,188.39,191.97,186.9,36191330,190.5,194.97,189.46,190.0,11/19/2018
19932550,242.1,243.24,241.22,17916260,244.51,244.8,241.81,18369300,243.16,246.73,242.88,247.42,10/28/2019
68388840,93.99,94.72,92.51,47844490,93.97,94.08,92.4,56770080,94.2,95.74,93.68,95.2,05/04/2016
25682700,216.8,217.19,214.03,18965930,214.1,216.36,213.84,18505780,214.65,217.05,214.6,216.6,08/24/2018
39763300,220.0,220.79,217.02,21158140,217.73,220.13,217.56,18386470,219.96,220.82,219.12,221.06,09/18/2019
24377170,234.59,237.58,234.29,22367480,237.52,240.99,237.32,22684000,241.16,242.2,239.62,242.1,10/23/2019
27043580,176.23,177.99,174.99,40396070,175.6,177.92,170.27,30967960,175.44,179.83,174.52,184.28,06/05/2019
44453230,167.17,168.62,166.76,85957050,166.0,166.8,160.1,72215320,159.1,163.88,156.0,154.83,02/06/2018
34317760,205.55,206.01,202.25,50991030,199.0,199.85,193.79,46725710,191.63,197.18,191.45,193.9,11/14/2018
34702230,333.25,345.68,332.58,41357180,351.46,353.2,344.72,28601630,355.15,355.4,351.09,351.41,06/18/2020
67812280,199.13,201.76,197.31,62317430,200.58,208.38,200.35,33408050,207.03,208.74,205.48,208.0,08/06/2018
50061580,113.25,115.5,112.37,56005550,116.44,116.69,114.02,51861990,113.85,114.57,112.44,112.83,09/29/2015
22989980,133.08,133.82,132.75,33054500,133.47,135.09,133.25,35578640,135.52,136.27,134.62,135.67,02/16/2017
20393070,189.01,189.53,187.86,23639070,186.78,187.07,185.1,19046600,186.07,188.46,186.0,188.0,05/17/2018
30480880,311.85,315.5,309.55,27207250,313.59,315.7,312.09,34454120,316.27,318.74,315.0,317.19,01/21/2020
19046600,186.07,188.46,186.0,17014490,188.0,188.91,186.36,18083080,187.19,187.81,186.13,188.0,05/21/2018
21754600,135.91,136.66,135.28,20222210,137.14,137.44,136.28,23446340,137.08,137.44,136.7,137.89,03/01/2017
23735080,258.74,260.35,258.11,17520500,258.69,260.44,256.85,20507460,258.3,262.47,258.28,261.55,11/12/2019
36634380,320.25,323.33,317.52,40485010,310.06,311.77,304.88,40558490,312.6,318.4,312.19,324.45,01/29/2020
17154540,171.8,172.37,170.3,18890250,171.58,173.0,171.38,21846400,174.16,175.87,173.95,173.71,02/26/2019
25001730,107.39,107.88,106.68,27744300,107.41,107.95,106.31,24900130,106.62,107.44,106.29,105.8,08/30/2016
38610120,114.58,116.25,114.5,54851010,116.53,119.99,116.53,96820670,117.81,118.18,113.33,112.53,08/12/2015
62317430,200.58,208.38,200.35,33408050,207.03,208.74,205.48,25396100,208.0,209.25,207.07,209.32,08/07/2018
35131460,96.86,98.23,96.65,50303500,97.65,100.77,97.42,33136130,100.51,100.89,99.64,100.58,03/03/2016
20591090,175.05,175.08,173.34,26387240,174.3,174.87,171.86,41459120,172.63,172.92,167.16,170.43,11/30/2017
23334000,284.82,289.98,284.7,36592940,291.12,293.97,288.12,36059610,289.46,292.69,285.22,289.93,12/31/2019
53920550,93.13,95.7,93.04,44282560,94.29,95.94,93.93,42288790,95.92,96.35,94.1,93.79,02/11/2016
23553790,108.91,109.77,108.17,29357940,108.97,110.61,108.83,27150570,109.34,110.5,108.66,110.8,04/13/2016
25737560,174.28,175.15,172.89,27413060,175.69,177.75,173.97,19238480,175.94,176.0,174.54,174.67,03/06/2019
31450520,144.71,145.13,142.28,22986960,144.45,144.96,143.78,14277850,144.88,145.3,143.1,143.69,07/05/2017
100423300,247.18,251.83,228.0,84188210,228.08,228.5,212.61,71882770,236.36,247.69,234.3,250.75,03/25/2020
27453130,118.74,119.93,118.6,27057550,118.9,119.3,118.21,26083030,119.11,119.62,118.81,118.34,01/17/2017
18648700,107.78,108.44,107.78,25704330,108.14,109.54,108.08,33754680,109.63,110.23,109.21,109.1,08/17/2016
61438290,190.03,190.16,188.26,18458410,187.88,189.22,187.2,33538550,185.14,186.33,183.45,186.35,06/20/2018
39546610,106.27,107.65,106.18,28010430,107.52,108.37,107.16,26296260,108.23,108.94,108.01,108.71,08/10/2016
24833800,145.87,146.18,144.82,25080500,145.5,148.49,145.44,20117070,147.97,149.33,147.33,148.82,07/17/2017
41357180,351.46,353.2,344.72,28601630,355.15,355.4,351.09,24205100,351.41,353.45,349.22,354.64,06/19/2020
95584080,220.78,221.36,217.29,27581270,216.82,221.26,216.63,22811140,219.75,222.82,219.7,221.0,09/26/2018
29422610,175.11,176.1,173.14,25129510,175.11,175.38,174.27,16956290,173.5,174.5,173.4,173.04,11/14/2017
23946880,212.0,213.97,211.51,19362290,214.05,214.42,212.51,27309400,214.84,216.44,211.07,213.86,09/10/2019
17841920,202.83,204.94,202.34,23286380,204.43,207.75,203.9,17427570,207.36,208.48,207.05,206.83,04/25/2019
19620520,175.24,176.8,174.94,36387880,175.04,175.09,171.26,41335980,170.0,172.68,168.6,168.39,03/23/2018
26750260,172.58,174.23,172.08,34949690,170.97,172.48,168.2,28976200,169.88,173.09,169.85,173.0,04/10/2018
40885480,107.01,107.03,104.82,67569090,102.61,105.37,102.0,55583140,105.75,105.85,102.41,100.56,01/06/2016
25982080,95.49,96.47,95.33,27553750,95.39,95.4,94.46,30877540,94.6,95.66,94.37,95.7,07/07/2016
27817640,173.21,175.0,172.73,27953810,174.32,174.91,172.92,25737560,174.28,175.15,172.89,175.69,03/04/2019
18958570,169.71,171.44,169.49,25323890,171.19,173.32,170.99,17154540,171.8,172.37,170.3,171.58,02/22/2019
33490630,101.41,102.24,100.15,27368840,102.24,102.28,101.5,25058280,101.91,102.91,101.78,103.96,03/15/2016
24185530,203.12,204.15,202.52,17841920,202.83,204.94,202.34,23286380,204.43,207.75,203.9,207.36,04/24/2019
40575260,317.83,319.69,310.91,50155640,312.15,315.95,303.21,39732270,304.51,309.79,301.53,300.35,05/15/2020
33391990,289.17,293.69,286.32,36937800,295.06,301.0,294.46,35583440,300.46,303.24,298.87,303.22,05/07/2020
29451050,160.1,163.12,160.0,27215770,163.8,163.89,162.61,26729940,163.64,164.52,163.48,164.8,09/01/2017
15649120,153.35,153.93,153.06,32429770,153.75,153.99,147.3,17192770,149.89,150.23,149.19,149.9,07/31/2017
17302160,141.88,142.0,140.45,23294040,141.22,142.92,141.16,17290900,142.44,142.68,141.85,143.5,04/24/2017
33498270,145.1,147.2,144.96,44182930,147.54,148.09,146.84,45579740,145.59,147.49,144.27,146.52,05/04/2017
33290830,228.99,229.67,225.1,34121240,226.23,227.35,221.3,37418910,221.85,225.37,220.71,220.95,09/10/2018
29027340,217.71,221.38,216.75,47191700,215.9,220.19,212.67,45713690,219.19,219.69,206.09,211.15,10/30/2018
48407640,116.04,116.4,114.54,42876370,114.32,116.31,114.01,40827260,116.04,117.65,115.5,116.43,08/18/2015
16956290,173.5,174.5,173.4,24683350,173.04,173.48,171.18,28998220,169.97,170.32,168.38,171.18,11/16/2017
20892380,210.89,211.84,210.23,32443110,204.29,208.84,203.5,38763700,205.88,207.42,200.83,201.9,05/08/2019
31686450,174.94,175.85,174.27,24518850,175.48,177.12,175.07,32130360,177.96,180.0,177.39,180.29,03/12/2018
28236270,316.14,318.71,313.09,33449100,316.77,323.44,315.63,38399530,319.25,321.15,316.47,317.75,06/01/2020
17775510,141.91,142.38,141.05,16529130,141.48,141.88,140.87,14676420,141.41,142.04,141.11,141.88,04/19/2017
83825220,112.23,113.24,110.02,53075960,112.17,113.31,111.54,56111590,112.03,114.53,112.0,110.15,09/01/2015
34113880,110.0,110.03,108.25,26160560,109.5,110.36,109.19,29976030,109.26,111.19,109.16,110.86,12/08/2016
27185130,186.12,186.15,184.7,31632320,183.4,184.92,180.73,24378480,182.99,186.53,182.54,185.23,06/27/2018
50278030,113.38,114.18,112.52,35678360,113.63,114.72,113.3,50061580,113.25,115.5,112.37,116.44,09/25/2015
31644240,172.4,173.94,170.34,23793830,168.99,170.66,168.42,20940020,171.05,171.21,169.25,170.1,02/12/2019
26208970,156.6,158.57,156.07,22074760,159.32,160.21,158.75,29377630,160.66,162.2,160.14,161.94,08/16/2017
32788640,282.4,286.33,280.63,39281290,287.38,288.2,282.35,53812480,284.69,286.95,276.86,277.95,04/20/2020
27074260,220.15,223.49,219.41,48696960,223.25,228.26,222.4,43177540,226.51,228.87,226.0,228.41,09/04/2018
46882840,209.43,212.05,201.0,26066130,205.86,207.19,205.06,25897340,207.86,208.55,203.53,204.1,08/28/2019
22930630,154.0,154.58,152.91,19906170,154.9,154.9,153.31,19201820,153.84,154.17,152.67,153.73,05/25/2017
35583440,300.46,303.24,298.87,28803760,303.22,305.17,301.97,33511990,305.64,310.35,304.29,308.1,05/11/2020
41141250,180.95,182.39,176.27,42704910,171.76,174.78,170.42,41678680,173.49,174.49,168.3,165.0,12/10/2018
58279570,116.58,116.89,114.86,43218350,115.93,116.53,114.42,37080720,116.25,116.54,115.44,115.66,09/17/2015
17439210,139.06,139.98,138.79,18695500,138.95,139.8,138.82,22117750,138.74,138.79,137.05,139.25,03/10/2017
34135230,119.2,119.92,118.85,32445680,119.27,119.73,117.34,42747950,117.33,119.35,117.12,119.21,11/25/2015
59029400,116.9,118.07,116.06,45179400,116.37,117.42,115.21,32461350,116.26,116.82,115.65,115.2,11/13/2015
21341960,119.21,119.23,117.92,13046450,118.29,118.41,117.6,38063130,117.99,119.41,117.75,118.75,12/01/2015
17272900,235.09,236.15,233.52,24377170,234.59,237.58,234.29,22367480,237.52,240.99,237.32,241.16,10/22/2019
22367480,237.52,240.99,237.32,22684000,241.16,242.2,239.62,19932550,242.1,243.24,241.22,244.51,10/24/2019
24987260,185.23,187.28,184.03,17352380,184.1,186.21,183.8,22551660,186.29,187.19,182.91,183.82,07/02/2018
41464880,167.25,170.02,165.19,38116290,167.81,171.75,166.9,37425640,167.88,168.94,164.47,167.64,04/03/2018
28949760,97.2,98.02,96.58,35131460,96.86,98.23,96.65,50303500,97.65,100.77,97.42,100.51,03/02/2016
18463850,206.83,207.76,205.12,18612770,204.9,205.0,202.12,22010360,204.4,205.97,203.86,203.06,04/30/2019
41430660,114.33,115.5,114.1,59251740,116.7,119.23,116.33,66139770,118.08,118.13,114.92,115.4,10/27/2015
40323020,94.19,94.5,93.01,48032600,95.02,96.85,94.61,44811800,96.67,98.21,96.15,98.84,02/18/2016
40122100,173.63,174.17,172.46,29385650,174.88,177.2,174.86,27393660,175.03,175.39,174.09,174.87,12/20/2017
34806250,118.75,118.81,116.86,33316990,117.05,118.11,116.08,41511380,116.55,116.79,114.22,115.29,12/04/2015
28641180,93.48,93.57,92.46,76183460,92.72,92.78,89.47,44223040,90.0,91.67,90.0,92.39,05/16/2016
111837300,127.03,130.49,127.01,33671250,127.98,129.39,127.78,24460160,128.31,129.19,128.16,129.13,02/06/2017
16859020,191.39,192.61,191.15,21480120,192.42,192.88,190.44,21584720,191.55,191.57,190.22,190.03,06/15/2018
27715140,153.58,155.45,152.89,25277680,154.34,154.45,153.46,26591850,153.9,155.81,153.78,155.02,06/07/2017
45114590,102.65,105.72,102.53,62080160,107.51,108.79,107.24,111186900,108.73,113.03,108.6,113.86,09/15/2016
48032600,95.02,96.85,94.61,44811800,96.67,98.21,96.15,38866100,98.84,98.89,96.09,96.0,02/19/2016
13046450,118.29,118.41,117.6,38063130,117.99,119.41,117.75,34806250,118.75,118.81,116.86,117.05,12/02/2015
25672210,318.66,320.89,315.87,20450750,315.77,319.23,315.35,31380450,323.5,324.24,316.5,316.14,05/27/2020
33113340,170.8,171.47,169.68,21477380,170.1,170.78,169.71,16412270,171.0,171.85,170.48,170.52,12/29/2017
25047130,170.78,173.7,170.78,25558680,173.36,175.0,173.05,14026670,175.1,175.5,174.65,175.05,11/27/2017
22401040,172.23,173.92,171.7,22858840,173.41,175.0,173.04,25100510,174.78,175.84,173.85,175.03,04/16/2018
49979700,93.79,94.72,92.59,40323020,94.19,94.5,93.01,48032600,95.02,96.85,94.61,96.67,02/17/2016
30912260,106.96,109.43,106.86,25184090,108.58,108.7,107.18,40885480,107.01,107.03,104.82,102.61,01/04/2016
19998050,144.47,144.6,143.38,14198660,143.92,144.16,143.31,20783460,144.09,144.3,143.27,145.1,05/01/2017
32226670,224.8,226.42,222.86,39763300,220.0,220.79,217.02,21158140,217.73,220.13,217.56,219.96,09/17/2019
23430370,221.0,223.75,219.76,29729270,223.82,226.44,223.54,22560440,224.79,225.84,224.02,227.95,10/01/2018
26924630,152.88,153.7,151.51,32018540,150.85,151.27,149.22,28449940,150.27,153.39,150.05,153.08,01/16/2019
33843130,313.17,316.5,310.32,25432390,315.03,318.52,313.01,27876220,316.68,319.52,316.2,318.66,05/21/2020
56005550,116.44,116.69,114.02,51861990,113.85,114.57,112.44,73230280,112.83,113.51,107.86,110.17,09/30/2015
59332210,174.0,174.26,171.12,34770480,172.37,174.99,171.72,24332120,173.91,175.25,173.6,174.66,11/08/2017
31396130,115.39,115.86,114.1,36792100,113.87,115.21,113.45,26378910,113.65,114.23,113.2,113.46,11/01/2016
24755470,173.87,174.44,172.02,23985960,170.32,173.07,169.5,31123000,175.49,179.12,175.35,180.0,03/12/2019
58133850,148.3,157.23,146.72,51608850,155.84,156.77,150.07,41740600,157.5,158.52,154.55,158.53,12/31/2018
32493770,154.7,156.42,154.67,25912270,156.01,156.65,155.05,19994270,155.94,156.06,154.72,153.6,05/17/2017
37979570,111.38,114.24,111.0,27584020,114.92,115.05,113.32,46559730,115.76,117.49,115.5,117.64,11/19/2015
35661200,152.5,153.97,150.86,26924630,152.88,153.7,151.51,32018540,150.85,151.27,149.22,150.27,01/15/2019
57097740,111.09,111.09,105.83,34117030,107.12,108.87,106.55,50901380,107.71,107.81,104.08,106.57,11/15/2016
20088940,153.63,153.86,152.46,21215870,154.18,155.44,154.05,17223790,154.97,155.49,154.56,155.81,10/09/2017
32661520,353.25,362.17,351.28,35055820,360.08,365.98,360.0,27684310,365.12,367.36,363.91,367.85,07/02/2020
28157630,160.11,160.5,158.0,20565620,159.51,159.77,158.44,52126240,157.9,158.26,153.83,155.8,09/21/2017
19088170,172.15,172.39,171.46,23402510,172.5,173.54,172.0,20442740,172.4,173.13,171.65,173.63,12/15/2017
22692880,222.3,222.64,219.34,32389280,217.86,219.74,213.0,32874330,218.06,221.26,217.43,219.79,10/22/2018
21400410,113.4,113.66,112.69,28508710,113.7,114.34,113.13,24336440,114.31,114.56,113.51,115.02,10/10/2016
40814360,96.47,96.71,95.4,37190500,95.42,96.04,94.28,45870130,95.0,96.84,94.08,95.86,02/04/2016
22811140,219.75,222.82,219.7,23430370,221.0,223.75,219.76,29729270,223.82,226.44,223.54,224.79,09/28/2018
36937800,295.06,301.0,294.46,35583440,300.46,303.24,298.87,28803760,303.22,305.17,301.97,305.64,05/08/2020
27883360,203.46,205.14,199.67,28813620,204.28,207.16,203.84,24431920,210.62,212.73,210.03,210.88,08/20/2019
41511380,116.55,116.79,114.22,57717870,115.29,119.25,115.11,32063100,118.98,119.86,117.81,117.52,12/08/2015
32203640,143.66,146.74,143.66,24877950,146.87,146.87,144.94,21247590,145.52,146.07,144.61,145.77,06/22/2017
11475920,111.13,111.87,110.95,27054320,111.43,112.47,111.39,28507780,110.78,112.03,110.07,111.6,11/30/2016
25458120,318.58,319.99,317.31,26117990,317.92,319.56,315.65,36634380,320.25,323.33,317.52,310.06,01/27/2020
31627180,277.2,283.01,277.0,29271890,281.8,284.54,279.95,28001190,285.08,285.83,278.2,284.73,04/29/2020
41208710,197.42,198.85,192.77,57430620,187.71,189.48,182.85,36529680,186.41,189.7,185.41,186.27,05/15/2019
80605870,241.95,259.08,240.0,81013970,247.51,257.61,238.4,75058410,239.77,250.0,237.12,247.39,03/19/2020
27309400,214.84,216.44,211.07,31777930,213.86,216.78,211.71,44289650,218.07,223.71,217.73,224.8,09/12/2019
28174980,111.4,112.35,111.23,26538700,110.98,111.46,109.55,30790930,108.53,110.25,108.11,110.08,11/07/2016
27877660,299.84,300.9,297.48,33090950,297.16,304.44,297.16,42621540,307.24,310.43,306.2,310.6,01/10/2020
34394830,105.52,106.47,104.96,43607120,106.34,106.5,105.19,35454230,105.93,107.65,105.14,105.25,03/22/2016
47597670,166.0,167.45,159.09,64398230,160.4,162.11,155.3,95497900,156.86,158.16,149.63,148.15,12/24/2018
22481890,199.62,202.05,199.15,47539790,201.02,212.14,200.83,36547440,203.16,206.44,202.59,203.46,08/15/2019
14979680,116.45,117.11,116.4,30555900,116.65,117.2,115.43,28769220,115.8,116.33,114.76,115.85,01/04/2017
21477380,170.1,170.78,169.71,16412270,171.0,171.85,170.48,25938760,170.52,170.59,169.22,170.16,01/02/2018
25108890,108.77,109.69,108.36,25784420,108.86,109.1,107.85,21236850,108.59,109.32,108.53,108.57,08/24/2016
28813620,204.28,207.16,203.84,24431920,210.62,212.73,210.03,26919530,210.88,213.35,210.32,212.99,08/21/2019
16367780,156.73,157.28,156.41,24093300,157.9,160.0,157.65,18969700,159.78,160.87,159.23,160.42,10/18/2017
55583140,105.75,105.85,102.41,68384270,100.56,102.37,99.87,80742460,98.68,100.13,96.43,98.55,01/08/2016
31851180,96.4,96.5,94.55,36192150,93.98,96.38,93.32,27526040,96.05,96.76,95.25,97.2,02/26/2016
31306390,178.61,179.58,177.41,27052000,177.3,177.78,176.6,32395870,177.3,179.44,176.82,177.25,01/24/2018
18131970,116.52,117.8,116.49,20686510,117.52,118.02,116.2,14979680,116.45,117.11,116.4,116.65,12/30/2016
21466370,150.58,152.44,149.9,18798250,151.8,153.84,151.8,15649120,153.35,153.93,153.06,153.75,07/27/2017
28508710,113.7,114.34,113.13,24336440,114.31,114.56,113.51,36087910,115.02,116.75,114.72,117.7,10/11/2016
59251740,116.7,119.23,116.33,66139770,118.08,118.13,114.92,67673450,115.4,116.54,113.99,116.93,10/28/2015
20507460,258.3,262.47,258.28,21847230,261.55,262.79,260.92,25817590,261.13,264.78,261.07,263.75,11/14/2019
18631540,154.26,154.45,152.72,16216800,154.01,155.09,153.91,20088940,153.63,153.86,152.46,154.18,10/05/2017
44387770,159.29,163.6,158.7,44651420,163.89,168.07,163.72,35779520,167.9,169.65,166.94,169.87,11/01/2017
46271660,188.39,191.97,186.9,36191330,190.5,194.97,189.46,41626820,190.0,190.7,184.99,178.37,11/20/2018
25400540,170.16,172.3,169.26,29461040,172.53,174.55,171.96,22342650,172.54,173.47,172.08,173.44,01/05/2018
72274300,95.1,98.19,93.42,52099200,97.06,97.88,94.94,65648660,98.63,101.46,98.37,101.52,01/25/2016
31003380,186.23,189.49,184.73,50943120,190.02,196.33,189.81,42287640,195.34,197.69,190.78,191.51,03/25/2019
62080160,107.51,108.79,107.24,111186900,108.73,113.03,108.6,90398170,113.86,115.73,113.49,115.12,09/16/2016
35407050,94.94,96.35,94.68,29124140,96.25,96.89,95.35,32042290,95.94,96.29,95.25,92.91,06/24/2016
35779520,167.9,169.65,166.94,33482970,169.87,169.94,165.61,39668100,167.64,168.5,165.28,174.0,11/03/2017
22163280,135.1,135.83,135.1,24487200,136.23,136.75,135.98,20769030,136.43,137.12,136.11,137.38,02/23/2017
28397810,167.5,170.2,166.46,25656110,169.03,170.44,168.91,23285760,170.49,171.0,168.82,169.2,12/11/2017
34770480,172.37,174.99,171.72,24332120,173.91,175.25,173.6,24358920,174.66,176.24,174.33,175.11,11/09/2017
34437040,267.78,272.56,267.32,33432810,271.46,275.3,270.93,32081110,277.0,280.79,276.98,279.57,12/17/2019
35890740,102.39,102.83,100.96,31538710,100.78,101.76,100.4,27148530,101.31,101.58,100.27,101.41,03/10/2016
17170490,151.5,151.74,150.19,25111310,149.99,150.44,148.88,21466370,150.58,152.44,149.9,151.8,07/25/2017
36778560,168.07,173.1,166.44,39824200,173.68,175.15,166.92,41464880,167.25,170.02,165.19,167.81,03/29/2018
23793830,168.99,170.66,168.42,20940020,171.05,171.21,169.25,22224400,170.1,171.0,169.7,171.39,02/13/2019
57717870,115.29,119.25,115.11,32063100,118.98,119.86,117.81,34275420,117.52,118.6,116.86,117.64,12/09/2015
19974430,257.05,258.19,256.32,18966120,256.77,257.49,255.37,23735080,258.74,260.35,258.11,258.69,11/08/2019
25897340,207.86,208.55,203.53,15957630,204.1,205.72,203.32,21007650,208.5,209.32,206.66,210.16,08/30/2019
50674280,153.6,154.57,149.71,33520150,151.27,153.34,151.13,26892850,153.38,153.98,152.63,154.0,05/22/2017
45751160,203.06,203.4,199.11,64827330,209.88,215.31,209.23,31996320,209.84,212.65,208.13,210.89,05/03/2019
41678680,173.49,174.49,168.3,61759000,165.0,170.09,163.33,45968040,171.66,171.79,167.0,170.4,12/12/2018
12119710,284.69,284.89,282.92,23334000,284.82,289.98,284.7,36592940,291.12,293.97,288.12,289.46,12/30/2019
19090050,194.79,196.37,193.14,18473070,196.45,197.1,195.93,25829880,196.42,200.23,196.34,200.32,04/09/2019
33432810,271.46,275.3,270.93,32081110,277.0,280.79,276.98,28575800,279.57,281.77,278.8,279.8,12/18/2019
30576980,106.64,108.09,106.06,31416910,106.93,106.93,105.52,33655810,105.01,106.48,104.62,105.0,04/25/2016
16991610,173.71,175.3,173.17,27817640,173.21,175.0,172.73,27953810,174.32,174.91,172.92,174.28,03/01/2019
66072170,204.3,204.39,198.17,31774720,201.92,204.72,201.69,33291640,205.97,210.06,204.13,209.98,11/08/2018
38885980,97.39,98.99,97.32,30031410,98.92,99.3,98.5,36464530,98.7,100.13,98.6,99.56,07/19/2016
33511990,305.64,310.35,304.29,36486560,308.1,317.05,307.24,40575260,317.83,319.69,310.91,312.15,05/13/2020
20578020,199.2,201.51,198.81,17897140,201.85,203.73,201.56,20191840,203.31,204.39,201.71,202.45,07/12/2019
49904460,108.97,110.45,108.51,54507300,111.65,112.56,110.32,84757780,113.76,114.02,109.77,110.27,09/10/2015
53812480,284.69,286.95,276.86,32503750,277.95,281.68,276.85,45247890,276.28,277.25,265.43,273.61,04/22/2020
71574560,162.61,163.96,158.77,44866280,159.87,159.96,157.91,23637310,158.99,159.4,158.09,158.47,09/15/2017
28575800,279.57,281.77,278.8,29024690,279.8,281.9,279.12,24626950,279.5,281.18,278.95,282.23,12/20/2019
26639930,107.59,107.69,106.18,30912260,106.96,109.43,106.86,25184090,108.58,108.7,107.18,107.01,12/31/2015
26219110,100.0,100.46,99.74,32690080,99.83,101.0,99.13,28218240,99.26,99.3,98.31,98.25,07/25/2016
31416910,106.93,106.93,105.52,33655810,105.01,106.48,104.62,27997990,105.0,105.65,104.51,103.91,04/26/2016
50155640,312.15,315.95,303.21,39732270,304.51,309.79,301.53,41587090,300.35,307.9,300.21,313.17,05/18/2020
22355140,141.5,141.74,140.35,23531670,139.39,141.22,138.62,33348400,140.91,144.04,140.62,143.68,03/29/2017
16041550,170.29,170.56,169.56,25047130,170.78,173.7,170.78,25558680,173.36,175.0,173.05,175.1,11/24/2017
35637070,154.89,158.85,154.23,91106840,143.98,145.72,142.0,57423650,144.53,148.55,143.8,148.7,01/07/2019
56770080,94.2,95.74,93.68,40984160,95.2,95.9,93.82,35850220,94.0,94.07,92.68,93.37,05/06/2016
38313330,178.65,179.12,177.62,32931110,177.32,177.47,173.66,19620520,175.24,176.8,174.94,175.04,03/21/2018
26784530,129.13,130.5,128.9,38158410,130.54,132.09,130.45,22941650,131.35,132.22,131.22,131.65,02/09/2017
19994270,155.94,156.06,154.72,50674280,153.6,154.57,149.71,33520150,151.27,153.34,151.13,153.38,05/19/2017
14198660,143.92,144.16,143.31,20783460,144.09,144.3,143.27,33498270,145.1,147.2,144.96,147.54,05/02/2017
32503750,277.95,281.68,276.85,45247890,276.28,277.25,265.43,29264340,273.61,277.9,272.2,275.87,04/23/2020
91106840,143.98,145.72,142.0,57423650,144.53,148.55,143.8,54571440,148.7,148.83,145.9,149.56,01/08/2019
20059570,206.43,206.98,204.22,19216820,208.39,209.48,207.32,23946880,212.0,213.97,211.51,214.05,09/06/2019
25931710,111.95,112.42,111.4,27420550,111.36,111.51,110.33,11475920,111.13,111.87,110.95,111.43,11/28/2016
23286380,204.43,207.75,203.9,17427570,207.36,208.48,207.05,18463850,206.83,207.76,205.12,204.9,04/26/2019
33829290,120.96,121.81,120.05,59029400,116.9,118.07,116.06,45179400,116.37,117.42,115.21,116.26,11/12/2015
17595210,202.45,204.0,202.2,16947420,204.09,205.87,204.0,16866820,204.59,206.11,203.5,204.05,07/17/2019
76562170,110.15,111.88,107.36,61681250,110.23,112.34,109.13,53142590,112.49,112.78,110.04,108.97,09/04/2015
38681170,215.83,223.25,214.7,39992120,222.6,224.23,214.54,29027340,217.71,221.38,216.75,215.9,10/26/2018
23317990,96.75,97.65,96.73,24129530,97.17,97.7,97.12,25879680,97.41,97.67,96.84,97.39,07/14/2016
20450750,315.77,319.23,315.35,31380450,323.5,324.24,316.5,28236270,316.14,318.71,313.09,316.77,05/28/2020
29800240,111.64,113.39,111.55,24587490,113.0,113.18,112.34,29608390,113.69,114.64,113.43,113.16,09/29/2016
27460070,108.52,108.93,107.85,18648700,107.78,108.44,107.78,25704330,108.14,109.54,108.08,109.63,08/16/2016
16866820,204.59,206.11,203.5,14107450,204.05,205.09,203.27,18582160,204.0,205.88,203.7,205.79,07/19/2019
29706720,323.52,324.76,318.95,26356390,322.57,325.22,320.26,29421010,322.37,323.4,318.0,314.18,02/10/2020
21218410,177.95,179.23,176.67,27043580,176.23,177.99,174.99,40396070,175.6,177.92,170.27,175.44,06/04/2019
61759000,165.0,170.09,163.33,45968040,171.66,171.79,167.0,35474680,170.4,171.92,169.02,170.49,12/13/2018
40485010,310.06,311.77,304.88,40558490,312.6,318.4,312.19,54149930,324.45,327.85,321.38,320.54,01/30/2020
21555370,138.78,139.83,138.59,21229890,139.37,139.77,138.6,17439210,139.06,139.98,138.79,138.95,03/08/2017
25817590,261.13,264.78,261.07,22395560,263.75,264.88,262.1,25093670,263.68,265.78,263.01,265.8,11/18/2019
20117070,147.97,149.33,147.33,23765710,148.82,150.9,148.57,17837130,149.2,150.13,148.67,150.48,07/19/2017
16658660,143.73,144.18,143.27,18904680,143.6,143.88,142.9,30341520,142.94,143.35,140.06,141.6,04/12/2017
26117990,317.92,319.56,315.65,36634380,320.25,323.33,317.52,40485010,310.06,311.77,304.88,312.6,01/28/2020
32063100,118.98,119.86,117.81,34275420,117.52,118.6,116.86,46301930,117.64,117.69,115.08,116.04,12/10/2015
28998220,169.97,170.32,168.38,23598650,171.18,171.87,170.3,21884010,171.04,171.39,169.64,170.29,11/20/2017
28321440,131.65,132.45,131.12,20046250,132.46,132.94,132.05,22989980,133.08,133.82,132.75,133.47,02/14/2017
25804820,139.85,141.6,139.76,20299310,141.26,141.58,140.61,22355140,141.5,141.74,140.35,139.39,03/27/2017
23527660,183.9,184.1,182.56,39017490,184.85,187.33,183.74,26148590,185.8,188.39,185.79,188.35,03/19/2019
21124240,199.68,199.88,197.31,21513990,200.37,200.61,198.03,47800590,198.8,200.85,198.15,198.54,06/24/2019
33669020,149.1,150.22,148.41,69726440,159.28,159.75,156.16,26604140,157.05,157.21,155.02,156.07,08/04/2017
25277680,154.34,154.45,153.46,26591850,153.9,155.81,153.78,21017560,155.02,155.98,154.48,155.25,06/08/2017
69032740,282.23,282.65,278.56,24677880,280.53,284.25,280.37,12119710,284.69,284.89,282.92,284.82,12/26/2019
27393660,175.03,175.39,174.09,23451420,174.87,175.42,173.25,20848660,174.17,176.02,174.1,174.68,12/22/2017
16861450,155.97,156.98,155.75,16380570,156.35,157.37,155.73,16367780,156.73,157.28,156.41,157.9,10/16/2017
30148360,104.81,105.84,104.77,26781730,105.58,106.0,105.28,39546610,106.27,107.65,106.18,107.52,08/08/2016
37781330,249.54,255.93,249.16,25817950,257.33,257.85,255.38,19974430,257.05,258.19,256.32,256.77,11/06/2019
52720620,110.0,112.28,109.49,30386830,112.73,112.75,111.44,32970790,110.82,112.45,110.68,111.29,10/14/2015
133059000,96.04,96.63,93.34,55622370,93.79,94.52,92.39,64332440,94.79,97.34,94.35,96.47,02/01/2016
26609920,265.54,266.08,260.4,30348780,263.69,264.01,261.18,16331260,262.59,263.18,260.84,262.71,11/25/2019
29264340,273.61,277.9,272.2,31203580,275.87,281.75,274.87,31627180,277.2,283.01,277.0,281.8,04/27/2020
38399530,319.25,321.15,316.47,20254650,317.75,322.35,317.21,21910700,320.75,323.44,318.93,324.66,06/03/2020
23294040,141.22,142.92,141.16,17290900,142.44,142.68,141.85,17117710,143.5,143.95,143.18,143.91,04/25/2017
43233950,117.64,119.75,116.76,34135230,119.2,119.92,118.85,32445680,119.27,119.73,117.34,117.33,11/24/2015
29729270,223.82,226.44,223.54,22560440,224.79,225.84,224.02,23171020,227.95,229.42,226.35,227.25,10/02/2018
14277850,144.88,145.3,143.1,21550270,143.69,144.79,142.72,24110330,143.02,143.5,142.41,142.9,07/07/2017
19690420,149.9,150.33,148.13,33669020,149.1,150.22,148.41,69726440,159.28,159.75,156.16,157.05,08/03/2017
26334880,266.94,267.16,262.5,16386120,265.58,267.98,265.31,11654360,266.6,268.0,265.9,267.27,12/02/2019
36396590,166.84,166.92,164.09,33674960,165.67,166.33,161.22,28331540,162.62,165.42,162.41,164.12,04/26/2018
23495990,320.0,324.57,320.0,25141490,322.63,324.65,318.21,32426420,318.62,320.45,310.5,297.26,02/24/2020
34525630,116.43,117.44,116.01,48079330,116.1,116.52,114.68,68176940,114.08,114.35,111.63,110.43,08/21/2015
22267820,213.19,214.44,210.75,46882840,209.43,212.05,201.0,26066130,205.86,207.19,205.06,207.86,08/27/2019
25656110,169.03,170.44,168.91,23285760,170.49,171.0,168.82,34260890,169.2,172.89,168.79,172.15,12/12/2017
51608850,155.84,156.77,150.07,41740600,157.5,158.52,154.55,34499390,158.53,159.36,156.48,154.89,01/02/2019
20254650,317.75,322.35,317.21,21910700,320.75,323.44,318.93,26122800,324.66,326.2,322.3,324.39,06/04/2020
21895020,154.0,154.24,153.31,20118620,153.42,154.43,153.33,24452750,153.97,154.17,152.38,153.17,06/01/2017
38763700,205.88,207.42,200.83,26339500,201.9,205.34,201.75,34908610,200.4,201.68,196.66,197.42,05/10/2019
16564340,164.8,164.94,163.63,29491910,163.75,164.25,160.56,21610300,162.71,162.99,160.52,162.09,09/07/2017
17916260,244.51,244.8,241.81,18369300,243.16,246.73,242.88,24143240,247.42,249.25,246.72,248.97,10/29/2019
27337220,314.18,321.55,313.85,23580780,323.6,323.9,318.71,28432570,321.47,327.22,321.47,324.19,02/13/2020
33449100,316.77,323.44,315.63,38399530,319.25,321.15,316.47,20254650,317.75,322.35,317.21,320.75,06/02/2020
54145930,160.29,161.0,155.03,70583530,157.07,157.89,150.24,60774900,158.5,163.89,157.51,161.95,02/13/2018
27953810,174.32,174.91,172.92,25737560,174.28,175.15,172.89,27413060,175.69,177.75,173.97,175.94,03/05/2019
19906170,154.9,154.9,153.31,19201820,153.84,154.17,152.67,19217810,153.73,154.35,153.03,154.0,05/26/2017
31714820,116.78,118.16,116.47,33420290,117.95,119.43,117.94,24432660,118.77,119.38,118.3,118.74,01/11/2017
111186900,108.73,113.03,108.6,90398170,113.86,115.73,113.49,79763890,115.12,116.13,114.04,115.19,09/19/2016
18680930,192.45,193.66,192.05,16553500,193.06,194.85,192.43,19005150,194.61,195.96,193.61,194.99,07/27/2018
27756760,115.8,117.38,115.75,21337310,116.74,117.5,116.68,23724430,116.8,117.4,116.78,116.35,12/22/2016
69726440,159.28,159.75,156.16,26604140,157.05,157.21,155.02,20514810,156.07,157.4,155.69,157.06,08/07/2017
26675250,106.14,106.8,105.62,26393770,107.7,108.0,106.82,26645130,107.9,108.3,107.51,107.83,09/07/2016
52126240,157.9,158.26,153.83,37350060,155.8,155.8,152.75,46575410,152.02,152.27,150.56,149.99,09/25/2017
28204640,174.65,175.57,172.85,31644240,172.4,173.94,170.34,23793830,168.99,170.66,168.42,171.05,02/11/2019
27057550,118.9,119.3,118.21,26083030,119.11,119.62,118.81,34412090,118.34,120.24,118.22,120.0,01/18/2017
18647220,144.73,145.85,144.38,24833800,145.87,146.18,144.82,25080500,145.5,148.49,145.44,147.97,07/14/2017
31890740,97.32,98.48,96.75,29373050,97.82,98.41,97.03,31251870,96.45,97.75,96.07,96.62,06/17/2016
38426060,172.8,176.3,172.45,27825140,175.21,177.74,174.52,23273160,177.91,178.25,176.13,174.94,03/07/2018
18582160,204.0,205.88,203.7,20929310,205.79,206.5,202.36,22277930,203.65,207.23,203.61,208.46,07/23/2019
34790520,247.24,249.17,237.26,37781330,249.54,255.93,249.16,25817950,257.33,257.85,255.38,257.05,11/05/2019
67964260,247.39,252.84,242.61,100423300,247.18,251.83,228.0,84188210,228.08,228.5,212.61,236.36,03/24/2020
25100510,174.78,175.84,173.85,21561320,175.03,176.19,174.83,26575010,176.49,178.94,176.41,177.81,04/18/2018
38236730,104.61,106.31,104.59,34394830,105.52,106.47,104.96,43607120,106.34,106.5,105.19,105.93,03/21/2016
40827260,116.04,117.65,115.5,34525630,116.43,117.44,116.01,48079330,116.1,116.52,114.68,114.08,08/20/2015
40653460,316.7,317.57,312.17,30480880,311.85,315.5,309.55,27207250,313.59,315.7,312.09,316.27,01/17/2020
19201820,153.84,154.17,152.67,19217810,153.73,154.35,153.03,21895020,154.0,154.24,153.31,153.42,05/30/2017
27710810,317.19,319.02,316.0,25458120,318.58,319.99,317.31,26117990,317.92,319.56,315.65,320.25,01/24/2020
26580710,191.17,192.0,189.77,18069930,191.35,191.97,190.21,16859020,191.39,192.61,191.15,192.42,06/13/2018
35783320,94.44,95.77,94.3,25982080,95.49,96.47,95.33,27553750,95.39,95.4,94.46,94.6,07/06/2016
34380630,360.7,365.0,357.57,51314210,364.41,365.32,353.02,32661520,353.25,362.17,351.28,360.08,06/30/2020
25864510,207.7,210.95,207.7,20679270,210.16,210.56,208.26,28595230,209.22,210.74,208.33,211.75,08/16/2018
42276880,114.0,115.58,113.7,41430660,114.33,115.5,114.1,59251740,116.7,119.23,116.33,118.08,10/26/2015
20686510,117.52,118.02,116.2,14979680,116.45,117.11,116.4,30555900,116.65,117.2,115.43,115.8,01/03/2017
75900510,250.75,258.25,244.3,63140170,246.52,258.68,246.36,51054150,252.75,255.87,247.05,250.74,03/30/2020
50036510,344.72,347.8,334.22,34702230,333.25,345.68,332.58,41357180,351.46,353.2,344.72,355.15,06/17/2020
45970470,129.08,129.62,128.31,55204920,130.97,132.97,130.7,73006780,132.85,132.92,130.32,121.99,07/22/2015
24308210,118.18,118.21,117.45,19977160,117.25,117.76,113.8,24100150,116.86,117.38,116.33,116.81,10/21/2016
28449940,150.27,153.39,150.05,30483120,153.08,155.88,153.0,29616190,154.2,157.66,153.26,157.5,01/18/2019
104618500,255.94,270.0,248.0,92683030,264.89,279.92,252.95,80605870,241.95,259.08,240.0,247.51,03/17/2020
51106100,118.7,120.69,118.27,49305220,120.99,121.22,119.45,32152870,119.87,121.36,119.61,120.79,11/03/2015
26538700,110.98,111.46,109.55,30790930,108.53,110.25,108.11,32361930,110.08,110.51,109.46,110.31,11/08/2016
25525650,209.32,209.5,206.76,22493750,206.05,207.81,204.52,23389530,207.28,209.78,207.2,207.36,08/10/2018
21584720,191.55,191.57,190.22,61438290,190.03,190.16,188.26,18458410,187.88,189.22,187.2,185.14,06/19/2018
47507230,107.28,107.37,105.57,32728460,107.4,107.72,106.45,32618140,107.27,108.85,107.2,109.0,12/24/2015
26387240,174.3,174.87,171.86,41459120,172.63,172.92,167.16,41484540,170.43,172.14,168.44,169.95,12/01/2017
39281290,287.38,288.2,282.35,53812480,284.69,286.95,276.86,32503750,277.95,281.68,276.85,276.28,04/21/2020
18505780,214.65,217.05,214.6,18457720,216.6,216.9,215.11,20400770,217.15,218.74,216.33,219.01,08/28/2018
21674630,194.7,196.79,193.6,18761470,191.55,193.59,190.3,14669140,192.9,194.96,192.17,196.05,06/18/2019
55622370,93.79,94.52,92.39,64332440,94.79,97.34,94.35,40814360,96.47,96.71,95.4,95.42,02/02/2016
69639900,121.5,122.57,117.52,123601900,117.42,117.7,113.25,99202400,112.95,117.44,112.1,115.97,08/06/2015
32130360,177.96,180.0,177.39,32191070,180.29,182.39,180.21,31464170,182.59,183.5,179.24,180.32,03/14/2018
50264540,143.78,144.5,142.2,32203640,143.66,146.74,143.66,24877950,146.87,146.87,144.94,145.52,06/21/2017
18458410,187.88,189.22,187.2,33538550,185.14,186.33,183.45,20490090,186.35,187.2,185.73,187.25,06/21/2018
23639070,186.78,187.07,185.1,19046600,186.07,188.46,186.0,17014490,188.0,188.91,186.36,187.19,05/18/2018
29723750,110.8,111.75,110.11,48929200,111.34,114.17,110.82,42276880,114.0,115.58,113.7,114.33,10/22/2015
39636190,159.9,160.0,154.63,26208970,156.6,158.57,156.07,22074760,159.32,160.21,158.75,160.66,08/15/2017
44434220,111.29,111.52,109.56,37622200,110.93,112.1,110.49,38794930,111.78,112.0,110.53,110.8,10/19/2015
